"","name","trend","Species","ESU","pop"
"1","Chinook_California Coastal Chinook salmon_freshwtrcrk",-0.233788004676064,"Chinook","California Coastal Chinook salmon","freshwtrcrk"
"2","Chinook_California Coastal Chinook salmon_russianriv",-0.0127461630080917,"Chinook","California Coastal Chinook salmon","russianriv"
"3","Chinook_California Coastal Chinook salmon_vanarsdale",0.0183554056847528,"Chinook","California Coastal Chinook salmon","vanarsdale"
"4","Chinook_Central Valley fall-late fall-run Chinook Salmon_americanriv.chin.fall",-0.0729082434848132,"Chinook","Central Valley fall-late fall-run Chinook Salmon","americanriv.chin.fall"
"5","Chinook_Central Valley fall-late fall-run Chinook Salmon_battlecrk.chin.fall",-0.123606115814775,"Chinook","Central Valley fall-late fall-run Chinook Salmon","battlecrk.chin.fall"
"6","Chinook_Central Valley fall-late fall-run Chinook Salmon_battlecrk.chin.latefall",-0.0235154601580136,"Chinook","Central Valley fall-late fall-run Chinook Salmon","battlecrk.chin.latefall"
"7","Chinook_Central Valley fall-late fall-run Chinook Salmon_buttecrk.chin.fall",-0.0482862814406115,"Chinook","Central Valley fall-late fall-run Chinook Salmon","buttecrk.chin.fall"
"8","Chinook_Central Valley fall-late fall-run Chinook Salmon_clearcrk.chin.fall",-0.0145939369474826,"Chinook","Central Valley fall-late fall-run Chinook Salmon","clearcrk.chin.fall"
"9","Chinook_Central Valley fall-late fall-run Chinook Salmon_clearcrk.chin.latefall",0.0241532121020423,"Chinook","Central Valley fall-late fall-run Chinook Salmon","clearcrk.chin.latefall"
"10","Chinook_Central Valley fall-late fall-run Chinook Salmon_cosumnesriv.chin.fall",0.0228347632473723,"Chinook","Central Valley fall-late fall-run Chinook Salmon","cosumnesriv.chin.fall"
"11","Chinook_Central Valley fall-late fall-run Chinook Salmon_cottonwoodcrk.chin.fall",-0.16505804296528,"Chinook","Central Valley fall-late fall-run Chinook Salmon","cottonwoodcrk.chin.fall"
"12","Chinook_Central Valley fall-late fall-run Chinook Salmon_cowcrk.chin.fall",-0.113403902851906,"Chinook","Central Valley fall-late fall-run Chinook Salmon","cowcrk.chin.fall"
"13","Chinook_Central Valley fall-late fall-run Chinook Salmon_deercrk.chin.fall",-0.0537470884224612,"Chinook","Central Valley fall-late fall-run Chinook Salmon","deercrk.chin.fall"
"14","Chinook_Central Valley fall-late fall-run Chinook Salmon_featherriv.chin.fall",-0.0298345990911036,"Chinook","Central Valley fall-late fall-run Chinook Salmon","featherriv.chin.fall"
"15","Chinook_Central Valley fall-late fall-run Chinook Salmon_mercedriv.chin.fall",-0.0586509328229354,"Chinook","Central Valley fall-late fall-run Chinook Salmon","mercedriv.chin.fall"
"16","Chinook_Central Valley fall-late fall-run Chinook Salmon_millcrk.chin.fall",5.09608362702067e-06,"Chinook","Central Valley fall-late fall-run Chinook Salmon","millcrk.chin.fall"
"17","Chinook_Central Valley fall-late fall-run Chinook Salmon_mokelumneriv.chin.fall",0.00768865429959718,"Chinook","Central Valley fall-late fall-run Chinook Salmon","mokelumneriv.chin.fall"
"18","Chinook_Central Valley fall-late fall-run Chinook Salmon_sacramentoriv.chin.fall",-0.0918767908049779,"Chinook","Central Valley fall-late fall-run Chinook Salmon","sacramentoriv.chin.fall"
"19","Chinook_Central Valley fall-late fall-run Chinook Salmon_sacramentoriv.chin.latefall",-0.105130074763549,"Chinook","Central Valley fall-late fall-run Chinook Salmon","sacramentoriv.chin.latefall"
"20","Chinook_Central Valley fall-late fall-run Chinook Salmon_stanislausriv.chin.fall",0.00394169720859917,"Chinook","Central Valley fall-late fall-run Chinook Salmon","stanislausriv.chin.fall"
"21","Chinook_Central Valley fall-late fall-run Chinook Salmon_tuolumneriv.chin.fall",-0.110422563819175,"Chinook","Central Valley fall-late fall-run Chinook Salmon","tuolumneriv.chin.fall"
"22","Chinook_Central Valley fall-late fall-run Chinook Salmon_yubariv.chin.fall",-0.0859101716467946,"Chinook","Central Valley fall-late fall-run Chinook Salmon","yubariv.chin.fall"
"23","Chinook_Central Valley Spring-Run Chinook Salmon_antelopecrk.chin.spr",-0.0639310820902705,"Chinook","Central Valley Spring-Run Chinook Salmon","antelopecrk.chin.spr"
"24","Chinook_Central Valley Spring-Run Chinook Salmon_battlecrk.chin.spr",0.0106712882126238,"Chinook","Central Valley Spring-Run Chinook Salmon","battlecrk.chin.spr"
"25","Chinook_Central Valley Spring-Run Chinook Salmon_bigchicocrk.chin.spr",0.0501296595915364,"Chinook","Central Valley Spring-Run Chinook Salmon","bigchicocrk.chin.spr"
"26","Chinook_Central Valley Spring-Run Chinook Salmon_buttecrk.chin.spr",-0.0284238385314003,"Chinook","Central Valley Spring-Run Chinook Salmon","buttecrk.chin.spr"
"27","Chinook_Central Valley Spring-Run Chinook Salmon_clearcrk.chin.spr",0.0924038897775823,"Chinook","Central Valley Spring-Run Chinook Salmon","clearcrk.chin.spr"
"28","Chinook_Central Valley Spring-Run Chinook Salmon_cottonwoodcrk.chin.spr",-0.127272712019746,"Chinook","Central Valley Spring-Run Chinook Salmon","cottonwoodcrk.chin.spr"
"29","Chinook_Central Valley Spring-Run Chinook Salmon_deercrk.chin.spr",-0.0977720558736424,"Chinook","Central Valley Spring-Run Chinook Salmon","deercrk.chin.spr"
"30","Chinook_Central Valley Spring-Run Chinook Salmon_millcrk.chin.spr",-0.0502392704232402,"Chinook","Central Valley Spring-Run Chinook Salmon","millcrk.chin.spr"
"31","Chinook_Central Valley Spring-Run Chinook Salmon_sacramentoriv.chin.spr",-0.150803999957064,"Chinook","Central Valley Spring-Run Chinook Salmon","sacramentoriv.chin.spr"
"32","Chinook_Central Valley Spring-Run Chinook Salmon_yubariv.chin.spr",0.0982265676863478,"Chinook","Central Valley Spring-Run Chinook Salmon","yubariv.chin.spr"
"33","Chinook_Chinook Salmon (Mid-Columbia River Spring-Run)_American River Spring Chinook-",0.0129570857073753,"Chinook","Chinook Salmon (Mid-Columbia River Spring-Run)","American River Spring Chinook-"
"34","Chinook_Chinook Salmon (Mid-Columbia River Spring-Run)_Klickitat Spring Chinook-",7.1127563184262e-05,"Chinook","Chinook Salmon (Mid-Columbia River Spring-Run)","Klickitat Spring Chinook-"
"35","Chinook_Chinook Salmon (Mid-Columbia River Spring-Run)_Middle Fork John Day spring Chinook salmon",0.00991000475152286,"Chinook","Chinook Salmon (Mid-Columbia River Spring-Run)","Middle Fork John Day spring Chinook salmon"
"36","Chinook_Chinook Salmon (Mid-Columbia River Spring-Run)_Naches Spring Chinook-",-0.0194447521067434,"Chinook","Chinook Salmon (Mid-Columbia River Spring-Run)","Naches Spring Chinook-"
"37","Chinook_Chinook Salmon (Mid-Columbia River Spring-Run)_North Fork John Day spring Chinook salmon",-0.00928996193733158,"Chinook","Chinook Salmon (Mid-Columbia River Spring-Run)","North Fork John Day spring Chinook salmon"
"38","Chinook_Chinook Salmon (Mid-Columbia River Spring-Run)_Upper John Day spring Chinook salmon",0.0686731049774431,"Chinook","Chinook Salmon (Mid-Columbia River Spring-Run)","Upper John Day spring Chinook salmon"
"39","Chinook_Chinook Salmon (Mid-Columbia River Spring-Run)_Upper Yakima River Spring Chinook-",0.0321955745739734,"Chinook","Chinook Salmon (Mid-Columbia River Spring-Run)","Upper Yakima River Spring Chinook-"
"40","Chinook_Deschutes River Summer-Fall-run Chinook Salmon_Deschutes Fall Chinook",0.00747869575518385,"Chinook","Deschutes River Summer-Fall-run Chinook Salmon","Deschutes Fall Chinook"
"41","Chinook_Lower Columbia River Chinook Salmon ESU_Chinook Salmon (Lower Columbia River ESU) - Clatskanie River Fall-run",-0.0359780723839951,"Chinook","Lower Columbia River Chinook Salmon ESU","Chinook Salmon (Lower Columbia River ESU) - Clatskanie River Fall-run"
"42","Chinook_Lower Columbia River Chinook Salmon ESU_Chinook Salmon (Lower Columbia River ESU) - Coweeman River Fall-run",-0.0129003795522803,"Chinook","Lower Columbia River Chinook Salmon ESU","Chinook Salmon (Lower Columbia River ESU) - Coweeman River Fall-run"
"43","Chinook_Lower Columbia River Chinook Salmon ESU_Chinook Salmon (Lower Columbia River ESU) - Elochoman River Fall-run",-0.0730876250311692,"Chinook","Lower Columbia River Chinook Salmon ESU","Chinook Salmon (Lower Columbia River ESU) - Elochoman River Fall-run"
"44","Chinook_Lower Columbia River Chinook Salmon ESU_Chinook Salmon (Lower Columbia River ESU) - Grays River Fall-run",0.0969633063497471,"Chinook","Lower Columbia River Chinook Salmon ESU","Chinook Salmon (Lower Columbia River ESU) - Grays River Fall-run"
"45","Chinook_Lower Columbia River Chinook Salmon ESU_Chinook Salmon (Lower Columbia River ESU) - Kalama River Fall-run",-0.00407573022143629,"Chinook","Lower Columbia River Chinook Salmon ESU","Chinook Salmon (Lower Columbia River ESU) - Kalama River Fall-run"
"46","Chinook_Lower Columbia River Chinook Salmon ESU_Chinook Salmon (Lower Columbia River ESU) - Kalama River Spring-run",-0.0657836331863406,"Chinook","Lower Columbia River Chinook Salmon ESU","Chinook Salmon (Lower Columbia River ESU) - Kalama River Spring-run"
"47","Chinook_Lower Columbia River Chinook Salmon ESU_Chinook Salmon (Lower Columbia River ESU) - Lewis River Bright",0.0188859898638762,"Chinook","Lower Columbia River Chinook Salmon ESU","Chinook Salmon (Lower Columbia River ESU) - Lewis River Bright"
"48","Chinook_Lower Columbia River Chinook Salmon ESU_Chinook Salmon (Lower Columbia River ESU) - Lewis River Fall-run",0.027773565140446,"Chinook","Lower Columbia River Chinook Salmon ESU","Chinook Salmon (Lower Columbia River ESU) - Lewis River Fall-run"
"49","Chinook_Lower Columbia River Chinook Salmon ESU_Chinook Salmon (Lower Columbia River ESU) - Lower Cowlitz River Fall-run",0.0252946984735762,"Chinook","Lower Columbia River Chinook Salmon ESU","Chinook Salmon (Lower Columbia River ESU) - Lower Cowlitz River Fall-run"
"50","Chinook_Lower Columbia River Chinook Salmon ESU_Chinook Salmon (Lower Columbia River ESU) - Lower Gorge Tributaries Fall-run",0.0452781075145039,"Chinook","Lower Columbia River Chinook Salmon ESU","Chinook Salmon (Lower Columbia River ESU) - Lower Gorge Tributaries Fall-run"
"51","Chinook_Lower Columbia River Chinook Salmon ESU_Chinook Salmon (Lower Columbia River ESU) - Mill Creek Fall-run",-0.0884091926512256,"Chinook","Lower Columbia River Chinook Salmon ESU","Chinook Salmon (Lower Columbia River ESU) - Mill Creek Fall-run"
"52","Chinook_Lower Columbia River Chinook Salmon ESU_Chinook Salmon (Lower Columbia River ESU) - North Fork Lewis River Spring-run",-0.0501028801657829,"Chinook","Lower Columbia River Chinook Salmon ESU","Chinook Salmon (Lower Columbia River ESU) - North Fork Lewis River Spring-run"
"53","Chinook_Lower Columbia River Chinook Salmon ESU_Chinook Salmon (Lower Columbia River ESU) - Sandy River Bright",-0.00017364688913854,"Chinook","Lower Columbia River Chinook Salmon ESU","Chinook Salmon (Lower Columbia River ESU) - Sandy River Bright"
"54","Chinook_Lower Columbia River Chinook Salmon ESU_Chinook Salmon (Lower Columbia River ESU) - Toutle River Fall-run",-0.0445912429000373,"Chinook","Lower Columbia River Chinook Salmon ESU","Chinook Salmon (Lower Columbia River ESU) - Toutle River Fall-run"
"55","Chinook_Lower Columbia River Chinook Salmon ESU_Chinook Salmon (Lower Columbia River ESU) - Upper Cowlitz River Fall-run",0.166554845990464,"Chinook","Lower Columbia River Chinook Salmon ESU","Chinook Salmon (Lower Columbia River ESU) - Upper Cowlitz River Fall-run"
"56","Chinook_Lower Columbia River Chinook Salmon ESU_Chinook Salmon (Lower Columbia River ESU) - Upper Gorge Tributaries Fall-run",0.0396501874056789,"Chinook","Lower Columbia River Chinook Salmon ESU","Chinook Salmon (Lower Columbia River ESU) - Upper Gorge Tributaries Fall-run"
"57","Chinook_Lower Columbia River Chinook Salmon ESU_Chinook Salmon (Lower Columbia River ESU) - Washougal River Fall-run",-0.0271636647526941,"Chinook","Lower Columbia River Chinook Salmon ESU","Chinook Salmon (Lower Columbia River ESU) - Washougal River Fall-run"
"58","Chinook_Lower Columbia River Chinook Salmon ESU_Chinook Salmon (Lower Columbia River ESU) - White Salmon River Fall-run",0.0351182577110082,"Chinook","Lower Columbia River Chinook Salmon ESU","Chinook Salmon (Lower Columbia River ESU) - White Salmon River Fall-run"
"59","Chinook_Oregon Coast Chinook salmon_Alsea fall Chinook",0.00255070314061469,"Chinook","Oregon Coast Chinook salmon","Alsea fall Chinook"
"60","Chinook_Oregon Coast Chinook salmon_Coos fall Chinook",-0.00519420476816947,"Chinook","Oregon Coast Chinook salmon","Coos fall Chinook"
"61","Chinook_Oregon Coast Chinook salmon_Coquille fall Chinook",-0.0730501715792334,"Chinook","Oregon Coast Chinook salmon","Coquille fall Chinook"
"62","Chinook_Oregon Coast Chinook salmon_Elk fall Chinook",-0.0150960143094649,"Chinook","Oregon Coast Chinook salmon","Elk fall Chinook"
"63","Chinook_Oregon Coast Chinook salmon_Floras fall Chinook",-0.0556915318571386,"Chinook","Oregon Coast Chinook salmon","Floras fall Chinook"
"64","Chinook_Oregon Coast Chinook salmon_Nehalem fall Chinook",0.00186156906939674,"Chinook","Oregon Coast Chinook salmon","Nehalem fall Chinook"
"65","Chinook_Oregon Coast Chinook salmon_Nestucca fall Chinook",-0.0385523574920241,"Chinook","Oregon Coast Chinook salmon","Nestucca fall Chinook"
"66","Chinook_Oregon Coast Chinook salmon_North.Umpqua spring Chinook",-0.00643935757100226,"Chinook","Oregon Coast Chinook salmon","North.Umpqua spring Chinook"
"67","Chinook_Oregon Coast Chinook salmon_Salmon fall Chinook",-0.000878853961783448,"Chinook","Oregon Coast Chinook salmon","Salmon fall Chinook"
"68","Chinook_Oregon Coast Chinook salmon_Siletz fall Chinook",-0.0259104261054118,"Chinook","Oregon Coast Chinook salmon","Siletz fall Chinook"
"69","Chinook_Oregon Coast Chinook salmon_Siuslaw fall Chinook",-0.0353895073451219,"Chinook","Oregon Coast Chinook salmon","Siuslaw fall Chinook"
"70","Chinook_Oregon Coast Chinook salmon_Sixes fall Chinook",-0.00266877025101328,"Chinook","Oregon Coast Chinook salmon","Sixes fall Chinook"
"71","Chinook_Oregon Coast Chinook salmon_South.Umpqua spring Chinook",-0.0494292251337016,"Chinook","Oregon Coast Chinook salmon","South.Umpqua spring Chinook"
"72","Chinook_Oregon Coast Chinook salmon_Tillamook fall Chinook",-0.00803295165593224,"Chinook","Oregon Coast Chinook salmon","Tillamook fall Chinook"
"73","Chinook_Oregon Coast Chinook salmon_Umpqua fall Chinook",-0.00582591268639128,"Chinook","Oregon Coast Chinook salmon","Umpqua fall Chinook"
"74","Chinook_Oregon Coast Chinook salmon_Yaquina fall Chinook",0.0096025781629813,"Chinook","Oregon Coast Chinook salmon","Yaquina fall Chinook"
"75","Chinook_Puget Sound Chinook Salmon ESU_Chinook Salmon (Puget Sound ESU) - Cascade River",-0.00959960497258684,"Chinook","Puget Sound Chinook Salmon ESU","Chinook Salmon (Puget Sound ESU) - Cascade River"
"76","Chinook_Puget Sound Chinook Salmon ESU_Chinook Salmon (Puget Sound ESU) - Cedar River",0.0430844924258371,"Chinook","Puget Sound Chinook Salmon ESU","Chinook Salmon (Puget Sound ESU) - Cedar River"
"77","Chinook_Puget Sound Chinook Salmon ESU_Chinook Salmon (Puget Sound ESU) - Dungeness River",0.0390835005267042,"Chinook","Puget Sound Chinook Salmon ESU","Chinook Salmon (Puget Sound ESU) - Dungeness River"
"78","Chinook_Puget Sound Chinook Salmon ESU_Chinook Salmon (Puget Sound ESU) - Elwha River",0.0621244145523648,"Chinook","Puget Sound Chinook Salmon ESU","Chinook Salmon (Puget Sound ESU) - Elwha River"
"79","Chinook_Puget Sound Chinook Salmon ESU_Chinook Salmon (Puget Sound ESU) - Green River",-0.0282689526965832,"Chinook","Puget Sound Chinook Salmon ESU","Chinook Salmon (Puget Sound ESU) - Green River"
"80","Chinook_Puget Sound Chinook Salmon ESU_Chinook Salmon (Puget Sound ESU) - Lower Sauk River",-0.00571972411829975,"Chinook","Puget Sound Chinook Salmon ESU","Chinook Salmon (Puget Sound ESU) - Lower Sauk River"
"81","Chinook_Puget Sound Chinook Salmon ESU_Chinook Salmon (Puget Sound ESU) - Lower Skagit River",0.0204051909033162,"Chinook","Puget Sound Chinook Salmon ESU","Chinook Salmon (Puget Sound ESU) - Lower Skagit River"
"82","Chinook_Puget Sound Chinook Salmon ESU_Chinook Salmon (Puget Sound ESU) - Lower/North Fork/Middle Fork Nooksack",0.0340528782208898,"Chinook","Puget Sound Chinook Salmon ESU","Chinook Salmon (Puget Sound ESU) - Lower/North Fork/Middle Fork Nooksack"
"83","Chinook_Puget Sound Chinook Salmon ESU_Chinook Salmon (Puget Sound ESU) - Mid-Hood Canal",0.034169873050894,"Chinook","Puget Sound Chinook Salmon ESU","Chinook Salmon (Puget Sound ESU) - Mid-Hood Canal"
"84","Chinook_Puget Sound Chinook Salmon ESU_Chinook Salmon (Puget Sound ESU) - Nisqually River",0.0404898401790637,"Chinook","Puget Sound Chinook Salmon ESU","Chinook Salmon (Puget Sound ESU) - Nisqually River"
"85","Chinook_Puget Sound Chinook Salmon ESU_Chinook Salmon (Puget Sound ESU) - North Fork Stillaguamish River",-0.0268006111083446,"Chinook","Puget Sound Chinook Salmon ESU","Chinook Salmon (Puget Sound ESU) - North Fork Stillaguamish River"
"86","Chinook_Puget Sound Chinook Salmon ESU_Chinook Salmon (Puget Sound ESU) - Puyallup River",-0.0162346187454911,"Chinook","Puget Sound Chinook Salmon ESU","Chinook Salmon (Puget Sound ESU) - Puyallup River"
"87","Chinook_Puget Sound Chinook Salmon ESU_Chinook Salmon (Puget Sound ESU) - Sammamish River",0.0200248270802901,"Chinook","Puget Sound Chinook Salmon ESU","Chinook Salmon (Puget Sound ESU) - Sammamish River"
"88","Chinook_Puget Sound Chinook Salmon ESU_Chinook Salmon (Puget Sound ESU) - Skokomish River",0.0209274250218483,"Chinook","Puget Sound Chinook Salmon ESU","Chinook Salmon (Puget Sound ESU) - Skokomish River"
"89","Chinook_Puget Sound Chinook Salmon ESU_Chinook Salmon (Puget Sound ESU) - Skykomish River",-0.0213700805442254,"Chinook","Puget Sound Chinook Salmon ESU","Chinook Salmon (Puget Sound ESU) - Skykomish River"
"90","Chinook_Puget Sound Chinook Salmon ESU_Chinook Salmon (Puget Sound ESU) - Snoqualmie River",-0.0200417994538427,"Chinook","Puget Sound Chinook Salmon ESU","Chinook Salmon (Puget Sound ESU) - Snoqualmie River"
"91","Chinook_Puget Sound Chinook Salmon ESU_Chinook Salmon (Puget Sound ESU) - South Fork Nooksack River",0.0235036909709842,"Chinook","Puget Sound Chinook Salmon ESU","Chinook Salmon (Puget Sound ESU) - South Fork Nooksack River"
"92","Chinook_Puget Sound Chinook Salmon ESU_Chinook Salmon (Puget Sound ESU) - South Fork/Mainstem Stillaguamish River",-0.0769249936004512,"Chinook","Puget Sound Chinook Salmon ESU","Chinook Salmon (Puget Sound ESU) - South Fork/Mainstem Stillaguamish River"
"93","Chinook_Puget Sound Chinook Salmon ESU_Chinook Salmon (Puget Sound ESU) - Suiattle River",0.0146544010718426,"Chinook","Puget Sound Chinook Salmon ESU","Chinook Salmon (Puget Sound ESU) - Suiattle River"
"94","Chinook_Puget Sound Chinook Salmon ESU_Chinook Salmon (Puget Sound ESU) - Upper Sauk River",0.0755869453971551,"Chinook","Puget Sound Chinook Salmon ESU","Chinook Salmon (Puget Sound ESU) - Upper Sauk River"
"95","Chinook_Puget Sound Chinook Salmon ESU_Chinook Salmon (Puget Sound ESU) - Upper Skagit River",0.0036421818241352,"Chinook","Puget Sound Chinook Salmon ESU","Chinook Salmon (Puget Sound ESU) - Upper Skagit River"
"96","Chinook_Puget Sound Chinook Salmon ESU_Chinook Salmon (Puget Sound ESU) - White River",0.098071561866044,"Chinook","Puget Sound Chinook Salmon ESU","Chinook Salmon (Puget Sound ESU) - White River"
"97","Chinook_Sacramento River Winter-run Chinook Salmon_sacramentoriv.chin.win",0.00924392606013611,"Chinook","Sacramento River Winter-run Chinook Salmon","sacramentoriv.chin.win"
"98","Chinook_Snake River Fall-run Chinook Salmon ESU_Chinook Salmon (Snake River Fall-run ESU) - Snake River Lower Mainstem",0.153171012194133,"Chinook","Snake River Fall-run Chinook Salmon ESU","Chinook Salmon (Snake River Fall-run ESU) - Snake River Lower Mainstem"
"99","Chinook_Snake River Spring-Summer-run Chinook Salmon ESU_Chinook Salmon (Snake River Spring/Summer-run ESU) - Bear Valley Creek",0.0153799898296586,"Chinook","Snake River Spring-Summer-run Chinook Salmon ESU","Chinook Salmon (Snake River Spring/Summer-run ESU) - Bear Valley Creek"
"100","Chinook_Snake River Spring-Summer-run Chinook Salmon ESU_Chinook Salmon (Snake River Spring/Summer-run ESU) - Big Creek",0.0443395029779446,"Chinook","Snake River Spring-Summer-run Chinook Salmon ESU","Chinook Salmon (Snake River Spring/Summer-run ESU) - Big Creek"
"101","Chinook_Snake River Spring-Summer-run Chinook Salmon ESU_Chinook Salmon (Snake River Spring/Summer-run ESU) - Camas Creek",0.022655526054562,"Chinook","Snake River Spring-Summer-run Chinook Salmon ESU","Chinook Salmon (Snake River Spring/Summer-run ESU) - Camas Creek"
"102","Chinook_Snake River Spring-Summer-run Chinook Salmon ESU_Chinook Salmon (Snake River Spring/Summer-run ESU) - Catherine Creek",0.0644833031994562,"Chinook","Snake River Spring-Summer-run Chinook Salmon ESU","Chinook Salmon (Snake River Spring/Summer-run ESU) - Catherine Creek"
"103","Chinook_Snake River Spring-Summer-run Chinook Salmon ESU_Chinook Salmon (Snake River Spring/Summer-run ESU) - Chamberlain Creek",0.0478743503419663,"Chinook","Snake River Spring-Summer-run Chinook Salmon ESU","Chinook Salmon (Snake River Spring/Summer-run ESU) - Chamberlain Creek"
"104","Chinook_Snake River Spring-Summer-run Chinook Salmon ESU_Chinook Salmon (Snake River Spring/Summer-run ESU) - East Fork Salmon River",0.0377475802405465,"Chinook","Snake River Spring-Summer-run Chinook Salmon ESU","Chinook Salmon (Snake River Spring/Summer-run ESU) - East Fork Salmon River"
"105","Chinook_Snake River Spring-Summer-run Chinook Salmon ESU_Chinook Salmon (Snake River Spring/Summer-run ESU) - East Fork South Fork Salmon River",0.106773850068745,"Chinook","Snake River Spring-Summer-run Chinook Salmon ESU","Chinook Salmon (Snake River Spring/Summer-run ESU) - East Fork South Fork Salmon River"
"106","Chinook_Snake River Spring-Summer-run Chinook Salmon ESU_Chinook Salmon (Snake River Spring/Summer-run ESU) - Grande Ronde River Upper Mainstem",0.0922525525194167,"Chinook","Snake River Spring-Summer-run Chinook Salmon ESU","Chinook Salmon (Snake River Spring/Summer-run ESU) - Grande Ronde River Upper Mainstem"
"107","Chinook_Snake River Spring-Summer-run Chinook Salmon ESU_Chinook Salmon (Snake River Spring/Summer-run ESU) - Imnaha River Mainstem",0.000331028712023265,"Chinook","Snake River Spring-Summer-run Chinook Salmon ESU","Chinook Salmon (Snake River Spring/Summer-run ESU) - Imnaha River Mainstem"
"108","Chinook_Snake River Spring-Summer-run Chinook Salmon ESU_Chinook Salmon (Snake River Spring/Summer-run ESU) - Lemhi River",0.0606277986382562,"Chinook","Snake River Spring-Summer-run Chinook Salmon ESU","Chinook Salmon (Snake River Spring/Summer-run ESU) - Lemhi River"
"109","Chinook_Snake River Spring-Summer-run Chinook Salmon ESU_Chinook Salmon (Snake River Spring/Summer-run ESU) - Loon Creek",0.00630214539959194,"Chinook","Snake River Spring-Summer-run Chinook Salmon ESU","Chinook Salmon (Snake River Spring/Summer-run ESU) - Loon Creek"
"110","Chinook_Snake River Spring-Summer-run Chinook Salmon ESU_Chinook Salmon (Snake River Spring/Summer-run ESU) - Lostine River",0.0686545674295155,"Chinook","Snake River Spring-Summer-run Chinook Salmon ESU","Chinook Salmon (Snake River Spring/Summer-run ESU) - Lostine River"
"111","Chinook_Snake River Spring-Summer-run Chinook Salmon ESU_Chinook Salmon (Snake River Spring/Summer-run ESU) - Marsh Creek",0.0565577045391013,"Chinook","Snake River Spring-Summer-run Chinook Salmon ESU","Chinook Salmon (Snake River Spring/Summer-run ESU) - Marsh Creek"
"112","Chinook_Snake River Spring-Summer-run Chinook Salmon ESU_Chinook Salmon (Snake River Spring/Summer-run ESU) - Middle Fork Salmon River above Indian Creek",0.0406268968613206,"Chinook","Snake River Spring-Summer-run Chinook Salmon ESU","Chinook Salmon (Snake River Spring/Summer-run ESU) - Middle Fork Salmon River above Indian Creek"
"113","Chinook_Snake River Spring-Summer-run Chinook Salmon ESU_Chinook Salmon (Snake River Spring/Summer-run ESU) - Middle Fork Salmon River below Indian Creek",-0.0353959025736402,"Chinook","Snake River Spring-Summer-run Chinook Salmon ESU","Chinook Salmon (Snake River Spring/Summer-run ESU) - Middle Fork Salmon River below Indian Creek"
"114","Chinook_Snake River Spring-Summer-run Chinook Salmon ESU_Chinook Salmon (Snake River Spring/Summer-run ESU) - Minam River",0.0363378914704644,"Chinook","Snake River Spring-Summer-run Chinook Salmon ESU","Chinook Salmon (Snake River Spring/Summer-run ESU) - Minam River"
"115","Chinook_Snake River Spring-Summer-run Chinook Salmon ESU_Chinook Salmon (Snake River Spring/Summer-run ESU) - North Fork Salmon River",0.0595780044845956,"Chinook","Snake River Spring-Summer-run Chinook Salmon ESU","Chinook Salmon (Snake River Spring/Summer-run ESU) - North Fork Salmon River"
"116","Chinook_Snake River Spring-Summer-run Chinook Salmon ESU_Chinook Salmon (Snake River Spring/Summer-run ESU) - Pahsimeroi River",0.0485259200019101,"Chinook","Snake River Spring-Summer-run Chinook Salmon ESU","Chinook Salmon (Snake River Spring/Summer-run ESU) - Pahsimeroi River"
"117","Chinook_Snake River Spring-Summer-run Chinook Salmon ESU_Chinook Salmon (Snake River Spring/Summer-run ESU) - Salmon River Lower Mainstem below Redfish Lake",-0.0207114598648862,"Chinook","Snake River Spring-Summer-run Chinook Salmon ESU","Chinook Salmon (Snake River Spring/Summer-run ESU) - Salmon River Lower Mainstem below Redfish Lake"
"118","Chinook_Snake River Spring-Summer-run Chinook Salmon ESU_Chinook Salmon (Snake River Spring/Summer-run ESU) - Salmon River Upper Mainstem above Redfish Lake",0.057874326120829,"Chinook","Snake River Spring-Summer-run Chinook Salmon ESU","Chinook Salmon (Snake River Spring/Summer-run ESU) - Salmon River Upper Mainstem above Redfish Lake"
"119","Chinook_Snake River Spring-Summer-run Chinook Salmon ESU_Chinook Salmon (Snake River Spring/Summer-run ESU) - Secesh River",0.0436508614435268,"Chinook","Snake River Spring-Summer-run Chinook Salmon ESU","Chinook Salmon (Snake River Spring/Summer-run ESU) - Secesh River"
"120","Chinook_Snake River Spring-Summer-run Chinook Salmon ESU_Chinook Salmon (Snake River Spring/Summer-run ESU) - South Fork Salmon River Mainstem",-0.0272527221083522,"Chinook","Snake River Spring-Summer-run Chinook Salmon ESU","Chinook Salmon (Snake River Spring/Summer-run ESU) - South Fork Salmon River Mainstem"
"121","Chinook_Snake River Spring-Summer-run Chinook Salmon ESU_Chinook Salmon (Snake River Spring/Summer-run ESU) - Sulphur Creek",0.024493072296502,"Chinook","Snake River Spring-Summer-run Chinook Salmon ESU","Chinook Salmon (Snake River Spring/Summer-run ESU) - Sulphur Creek"
"122","Chinook_Snake River Spring-Summer-run Chinook Salmon ESU_Chinook Salmon (Snake River Spring/Summer-run ESU) - Tucannon River",0.00592621671423438,"Chinook","Snake River Spring-Summer-run Chinook Salmon ESU","Chinook Salmon (Snake River Spring/Summer-run ESU) - Tucannon River"
"123","Chinook_Snake River Spring-Summer-run Chinook Salmon ESU_Chinook Salmon (Snake River Spring/Summer-run ESU) - Valley Creek",0.0663333273215889,"Chinook","Snake River Spring-Summer-run Chinook Salmon ESU","Chinook Salmon (Snake River Spring/Summer-run ESU) - Valley Creek"
"124","Chinook_Snake River Spring-Summer-run Chinook Salmon ESU_Chinook Salmon (Snake River Spring/Summer-run ESU) - Wenaha River",0.0180418061756104,"Chinook","Snake River Spring-Summer-run Chinook Salmon ESU","Chinook Salmon (Snake River Spring/Summer-run ESU) - Wenaha River"
"125","Chinook_Snake River Spring-Summer-run Chinook Salmon ESU_Chinook Salmon (Snake River Spring/Summer-run ESU) - Yankee Fork",0.0846203625994594,"Chinook","Snake River Spring-Summer-run Chinook Salmon ESU","Chinook Salmon (Snake River Spring/Summer-run ESU) - Yankee Fork"
"126","Chinook_Southern Oregon Northern California Chinook salmon_Blue Creek (Klamath) fall Chinook",-0.0154154096800229,"Chinook","Southern Oregon Northern California Chinook salmon","Blue Creek (Klamath) fall Chinook"
"127","Chinook_Southern Oregon Northern California Chinook salmon_Chetco fall Chinook",-0.0390029388552708,"Chinook","Southern Oregon Northern California Chinook salmon","Chetco fall Chinook"
"128","Chinook_Southern Oregon Northern California Chinook salmon_Hunter fall Chinook",-0.0574637848424094,"Chinook","Southern Oregon Northern California Chinook salmon","Hunter fall Chinook"
"129","Chinook_Southern Oregon Northern California Chinook salmon_lower Rogue fall Chinook",-0.0293614408679038,"Chinook","Southern Oregon Northern California Chinook salmon","lower Rogue fall Chinook"
"130","Chinook_Southern Oregon Northern California Chinook salmon_Pistol fall Chinook",-0.0526074028835315,"Chinook","Southern Oregon Northern California Chinook salmon","Pistol fall Chinook"
"131","Chinook_Southern Oregon Northern California Chinook salmon_Rogue fall Chinook",-0.0226138722062084,"Chinook","Southern Oregon Northern California Chinook salmon","Rogue fall Chinook"
"132","Chinook_Southern Oregon Northern California Chinook salmon_Rogue spring Chinook",-0.00282186114253029,"Chinook","Southern Oregon Northern California Chinook salmon","Rogue spring Chinook"
"133","Chinook_Southern Oregon Northern California Chinook salmon_Winchuck fall Chinook",-0.0220551544865655,"Chinook","Southern Oregon Northern California Chinook salmon","Winchuck fall Chinook"
"134","Chinook_Up. Klamath - Trinity River Chinook_klamathriv_boguscrk.chinook.fall",-0.0812197492434795,"Chinook","Up. Klamath - Trinity River Chinook","klamathriv"
"135","Chinook_Up. Klamath - Trinity River Chinook_klamathriv_salmonriv.chinook.spring",-0.0352262938101859,"Chinook","Up. Klamath - Trinity River Chinook","klamathriv"
"136","Chinook_Up. Klamath - Trinity River Chinook_klamathriv_scottriv.chinook.fall",-0.0385362826790713,"Chinook","Up. Klamath - Trinity River Chinook","klamathriv"
"137","Chinook_Up. Klamath - Trinity River Chinook_klamathriv_shastariv.chinook.fall",0.040445877983858,"Chinook","Up. Klamath - Trinity River Chinook","klamathriv"
"138","Chinook_Up. Klamath - Trinity River Chinook_klamathriv_southforktrinity.chinook.fall",-0.098407621385158,"Chinook","Up. Klamath - Trinity River Chinook","klamathriv"
"139","Chinook_Up. Klamath - Trinity River Chinook_klamathriv_upperklamath.chinook.fall",0.0239462964562078,"Chinook","Up. Klamath - Trinity River Chinook","klamathriv"
"140","Chinook_Up. Klamath - Trinity River Chinook_klamathriv_uppertrinity.chinook.fall",-0.0381185469325276,"Chinook","Up. Klamath - Trinity River Chinook","klamathriv"
"141","Chinook_Up. Klamath - Trinity River Chinook_klamathriv_uppertrinity.chinook.spring",-0.0522972139981397,"Chinook","Up. Klamath - Trinity River Chinook","klamathriv"
"142","Chinook_Upper Columbia River Spring-run Chinook Salmon ESU_Chinook Salmon (Upper Columbia River Spring-run ESU) - Entiat River",0.0343981452590576,"Chinook","Upper Columbia River Spring-run Chinook Salmon ESU","Chinook Salmon (Upper Columbia River Spring-run ESU) - Entiat River"
"143","Chinook_Upper Columbia River Spring-run Chinook Salmon ESU_Chinook Salmon (Upper Columbia River Spring-run ESU) - Methow River",0.0581808663040675,"Chinook","Upper Columbia River Spring-run Chinook Salmon ESU","Chinook Salmon (Upper Columbia River Spring-run ESU) - Methow River"
"144","Chinook_Upper Columbia River Spring-run Chinook Salmon ESU_Chinook Salmon (Upper Columbia River Spring-run ESU) - Wenatchee River",0.0646969112135195,"Chinook","Upper Columbia River Spring-run Chinook Salmon ESU","Chinook Salmon (Upper Columbia River Spring-run ESU) - Wenatchee River"
"145","Chinook_Upper Columbia River Summer and Fall Run Chinook_Big White Salmon River Late Fall (Bright) Chinook-",0.0279536506035998,"Chinook","Upper Columbia River Summer and Fall Run Chinook","Big White Salmon River Late Fall (Bright) Chinook-"
"146","Chinook_Upper Columbia River Summer and Fall Run Chinook_Hanford Reach Fall Chinook-",0.0309723109505077,"Chinook","Upper Columbia River Summer and Fall Run Chinook","Hanford Reach Fall Chinook-"
"147","Chinook_Upper Columbia River Summer and Fall Run Chinook_Klickitat Fall (Tule) Chinook-",-0.158004185291505,"Chinook","Upper Columbia River Summer and Fall Run Chinook","Klickitat Fall (Tule) Chinook-"
"148","Chinook_Upper Columbia River Summer and Fall Run Chinook_Klickitat Late Fall (Bright) Chinook-",-0.0422862810079018,"Chinook","Upper Columbia River Summer and Fall Run Chinook","Klickitat Late Fall (Bright) Chinook-"
"149","Chinook_Upper Columbia River Summer and Fall Run Chinook_Lake Chelan Summer Chinook-",-0.0876037752100616,"Chinook","Upper Columbia River Summer and Fall Run Chinook","Lake Chelan Summer Chinook-"
"150","Chinook_Upper Columbia River Summer and Fall Run Chinook_Methow Summer Chinook-",0.00821465786067034,"Chinook","Upper Columbia River Summer and Fall Run Chinook","Methow Summer Chinook-"
"151","Chinook_Upper Columbia River Summer and Fall Run Chinook_Okanogan Summer Chinook-",0.000629546887356516,"Chinook","Upper Columbia River Summer and Fall Run Chinook","Okanogan Summer Chinook-"
"152","Chinook_Upper Columbia River Summer and Fall Run Chinook_Upper Gorge (Columbia) Late Fall (Bright) Chinook-Little White Salmon River (Drano) Late Fall (Bright) Chinook",0.0981987890421086,"Chinook","Upper Columbia River Summer and Fall Run Chinook","Upper Gorge (Columbia) Late Fall (Bright) Chinook-Little White Salmon River (Drano) Late Fall (Bright) Chinook"
"153","Chinook_Upper Columbia River Summer and Fall Run Chinook_Upper Gorge (Columbia) Late Fall (Bright) Chinook-Wind River Late Fall (Bright) Chinook",0.155625592201419,"Chinook","Upper Columbia River Summer and Fall Run Chinook","Upper Gorge (Columbia) Late Fall (Bright) Chinook-Wind River Late Fall (Bright) Chinook"
"154","Chinook_Upper Columbia River Summer and Fall Run Chinook_Wenatchee Summer Chinook-",-0.0221454069374748,"Chinook","Upper Columbia River Summer and Fall Run Chinook","Wenatchee Summer Chinook-"
"155","Chinook_Upper Columbia River Summer and Fall Run Chinook_Yakima River Bright Fall Chinook-",-0.03689848183752,"Chinook","Upper Columbia River Summer and Fall Run Chinook","Yakima River Bright Fall Chinook-"
"156","Chinook_Upper Willamette River Chinook Salmon ESU_Salmon (Chinook (Upper Willamette River ESU) - Willamette Falls esc",-0.00561495686617615,"Chinook","Upper Willamette River Chinook Salmon ESU","Salmon (Chinook (Upper Willamette River ESU) - Willamette Falls esc"
"157","Chinook_Washington Coast Chinook_Bear River Fall Chinook-",-0.0484669166445306,"Chinook","Washington Coast Chinook","Bear River Fall Chinook-"
"158","Chinook_Washington Coast Chinook_Calawah Fall Chinook-",-0.00359201782757193,"Chinook","Washington Coast Chinook","Calawah Fall Chinook-"
"159","Chinook_Washington Coast Chinook_Calawah Summer Chinook-",0.0144511640629162,"Chinook","Washington Coast Chinook","Calawah Summer Chinook-"
"160","Chinook_Washington Coast Chinook_Chehalis Fall Chinook-",0.0044074077176904,"Chinook","Washington Coast Chinook","Chehalis Fall Chinook-"
"161","Chinook_Washington Coast Chinook_Chehalis Spring Chinook-",-0.0397094754527727,"Chinook","Washington Coast Chinook","Chehalis Spring Chinook-"
"162","Chinook_Washington Coast Chinook_Clearwater Fall Chinook-",-0.000266586674809973,"Chinook","Washington Coast Chinook","Clearwater Fall Chinook-"
"163","Chinook_Washington Coast Chinook_Clearwater Spring/Summer Chinook-",0.0659140890839943,"Chinook","Washington Coast Chinook","Clearwater Spring/Summer Chinook-"
"164","Chinook_Washington Coast Chinook_Cook Creek Fall Chinook-",0.012680761018643,"Chinook","Washington Coast Chinook","Cook Creek Fall Chinook-"
"165","Chinook_Washington Coast Chinook_Dickey Fall Chinook-",0.0285379208813671,"Chinook","Washington Coast Chinook","Dickey Fall Chinook-"
"166","Chinook_Washington Coast Chinook_Hoh Fall Chinook-",-0.0179912924990905,"Chinook","Washington Coast Chinook","Hoh Fall Chinook-"
"167","Chinook_Washington Coast Chinook_Hoh Spring/Summer Chinook-",-0.0118708899750688,"Chinook","Washington Coast Chinook","Hoh Spring/Summer Chinook-"
"168","Chinook_Washington Coast Chinook_Hoko Fall Chinook-",0.0138358401275582,"Chinook","Washington Coast Chinook","Hoko Fall Chinook-"
"169","Chinook_Washington Coast Chinook_Hoquiam Fall Chinook-",-0.052260541580608,"Chinook","Washington Coast Chinook","Hoquiam Fall Chinook-"
"170","Chinook_Washington Coast Chinook_Humptulips Fall Chinook-",0.0290946516040632,"Chinook","Washington Coast Chinook","Humptulips Fall Chinook-"
"171","Chinook_Washington Coast Chinook_Naselle Fall Chinook-",-0.0231358546988326,"Chinook","Washington Coast Chinook","Naselle Fall Chinook-"
"172","Chinook_Washington Coast Chinook_Nemah Fall Chinook-",0.110996464310673,"Chinook","Washington Coast Chinook","Nemah Fall Chinook-"
"173","Chinook_Washington Coast Chinook_North River/Smith Creek Fall Chinook-",-0.0492605088732632,"Chinook","Washington Coast Chinook","North River/Smith Creek Fall Chinook-"
"174","Chinook_Washington Coast Chinook_Palix Fall Chinook-",0.097549480088579,"Chinook","Washington Coast Chinook","Palix Fall Chinook-"
"175","Chinook_Washington Coast Chinook_Queets Fall Chinook-",-0.00514766121406098,"Chinook","Washington Coast Chinook","Queets Fall Chinook-"
"176","Chinook_Washington Coast Chinook_Queets Spring/Summer Chinook-",-0.00642272712988463,"Chinook","Washington Coast Chinook","Queets Spring/Summer Chinook-"
"177","Chinook_Washington Coast Chinook_Quillayute/Bogachiel Fall Chinook-",-0.0131101791030734,"Chinook","Washington Coast Chinook","Quillayute/Bogachiel Fall Chinook-"
"178","Chinook_Washington Coast Chinook_Quillayute/Bogachiel Summer Chinook-",0.00673829562253826,"Chinook","Washington Coast Chinook","Quillayute/Bogachiel Summer Chinook-"
"179","Chinook_Washington Coast Chinook_Quinault Fall Chinook-",-0.0133014047767316,"Chinook","Washington Coast Chinook","Quinault Fall Chinook-"
"180","Chinook_Washington Coast Chinook_Quinault Spring/Summer Chinook-",-0.0346691539242229,"Chinook","Washington Coast Chinook","Quinault Spring/Summer Chinook-"
"181","Chinook_Washington Coast Chinook_Satsop Fall Chinook-",0.000415546308217175,"Chinook","Washington Coast Chinook","Satsop Fall Chinook-"
"182","Chinook_Washington Coast Chinook_Satsop Summer Chinook-",-0.0172025741440206,"Chinook","Washington Coast Chinook","Satsop Summer Chinook-"
"183","Chinook_Washington Coast Chinook_Sol Duc Fall Chinook-",-0.0121281770280275,"Chinook","Washington Coast Chinook","Sol Duc Fall Chinook-"
"184","Chinook_Washington Coast Chinook_Sol Duc Summer Chinook-",-0.0126095382268062,"Chinook","Washington Coast Chinook","Sol Duc Summer Chinook-"
"185","Chinook_Washington Coast Chinook_Willapa Fall Chinook-",0.0242329641096596,"Chinook","Washington Coast Chinook","Willapa Fall Chinook-"
"186","Chinook_Washington Coast Chinook_Wishkah Fall Chinook-",-0.0266645659127568,"Chinook","Washington Coast Chinook","Wishkah Fall Chinook-"
"187","Chinook_Washington Coast Chinook_Wynoochee Fall Chinook-",-0.000881082762901986,"Chinook","Washington Coast Chinook","Wynoochee Fall Chinook-"
"188","Chum_Columbia River Chum Salmon ESU_Chum Salmon (Columbia River ESU) - Grays & Chinook Rivers",0.0263858178454444,"Chum","Columbia River Chum Salmon ESU","Chum Salmon (Columbia River ESU) - Grays & Chinook Rivers"
"189","Chum_Columbia River Chum Salmon ESU_Chum Salmon (Columbia River ESU) - Lower Gorge Tributaries",0.0374353029930556,"Chum","Columbia River Chum Salmon ESU","Chum Salmon (Columbia River ESU) - Lower Gorge Tributaries"
"190","Chum_Columbia River Chum Salmon ESU_Chum Salmon (Columbia River ESU) - Upper Gorge Tributaries",0.0504175971108917,"Chum","Columbia River Chum Salmon ESU","Chum Salmon (Columbia River ESU) - Upper Gorge Tributaries"
"191","Chum_Columbia River Chum Salmon ESU_Chum Salmon (Columbia River ESU) - Washougal River",0.0589018577047643,"Chum","Columbia River Chum Salmon ESU","Chum Salmon (Columbia River ESU) - Washougal River"
"192","Chum_Hood Canal Summer-run Chum Salmon ESU_Chum Salmon (Hood Canal Summer-run ESU) - Hood Canal",0.0440633769186753,"Chum","Hood Canal Summer-run Chum Salmon ESU","Chum Salmon (Hood Canal Summer-run ESU) - Hood Canal"
"193","Chum_Hood Canal Summer-run Chum Salmon ESU_Chum Salmon (Hood Canal Summer-run ESU) - Strait of Juan de Fuca",0.079325430850027,"Chum","Hood Canal Summer-run Chum Salmon ESU","Chum Salmon (Hood Canal Summer-run ESU) - Strait of Juan de Fuca"
"194","Chum_Pacific Coast Chum_Deep Creek/East & West Twin Fall Chum-",-0.120804913239049,"Chum","Pacific Coast Chum","Deep Creek/East & West Twin Fall Chum-"
"195","Chum_Pacific Coast Chum_Grays Harbor Fall Chum-",0.0227856462519949,"Chum","Pacific Coast Chum","Grays Harbor Fall Chum-"
"196","Chum_Pacific Coast Chum_Pysht Fall Chum-",-0.00480133106781462,"Chum","Pacific Coast Chum","Pysht Fall Chum-"
"197","Chum_Pacific Coast Chum_Willapa Bay Fall Chum-",0.0111662449022032,"Chum","Pacific Coast Chum","Willapa Bay Fall Chum-"
"198","Chum_Puget Sound-Strait of Georgia Chum_Blackjack Creek Summer Chum-",-0.03455742936115,"Chum","Puget Sound-Strait of Georgia Chum","Blackjack Creek Summer Chum-"
"199","Chum_Puget Sound-Strait of Georgia Chum_Carr Inlet Fall Chum-",-0.0381943981133313,"Chum","Puget Sound-Strait of Georgia Chum","Carr Inlet Fall Chum-"
"200","Chum_Puget Sound-Strait of Georgia Chum_Case Inlet Fall Chum-",-0.0438380525491283,"Chum","Puget Sound-Strait of Georgia Chum","Case Inlet Fall Chum-"
"201","Chum_Puget Sound-Strait of Georgia Chum_Case Inlet Summer Chum-",-0.0702509157735071,"Chum","Puget Sound-Strait of Georgia Chum","Case Inlet Summer Chum-"
"202","Chum_Puget Sound-Strait of Georgia Chum_Chambers Creek Winter Chum-",-0.327153175378402,"Chum","Puget Sound-Strait of Georgia Chum","Chambers Creek Winter Chum-"
"203","Chum_Puget Sound-Strait of Georgia Chum_Dewatto Fall Chum-",-0.0538991868165174,"Chum","Puget Sound-Strait of Georgia Chum","Dewatto Fall Chum-"
"204","Chum_Puget Sound-Strait of Georgia Chum_Dosewallips Late Fall Chum-",-0.00415103116446667,"Chum","Puget Sound-Strait of Georgia Chum","Dosewallips Late Fall Chum-"
"205","Chum_Puget Sound-Strait of Georgia Chum_Duckabush Late Fall Chum-",-0.0903135946837003,"Chum","Puget Sound-Strait of Georgia Chum","Duckabush Late Fall Chum-"
"206","Chum_Puget Sound-Strait of Georgia Chum_Dungeness/East Strait Tribs Fall Chum-",-0.0312634022346489,"Chum","Puget Sound-Strait of Georgia Chum","Dungeness/East Strait Tribs Fall Chum-"
"207","Chum_Puget Sound-Strait of Georgia Chum_Dyes Inlet/Liberty Bay Fall Chum-",-0.0425420540252709,"Chum","Puget Sound-Strait of Georgia Chum","Dyes Inlet/Liberty Bay Fall Chum-"
"208","Chum_Puget Sound-Strait of Georgia Chum_Eld Inlet Fall Chum-",-0.0131237398990326,"Chum","Puget Sound-Strait of Georgia Chum","Eld Inlet Fall Chum-"
"209","Chum_Puget Sound-Strait of Georgia Chum_Fennel Creek Fall Chum-",-0.0579874191805084,"Chum","Puget Sound-Strait of Georgia Chum","Fennel Creek Fall Chum-"
"210","Chum_Puget Sound-Strait of Georgia Chum_Gig Harbor/Ollala Creek Fall Chum-",0.00742558083197741,"Chum","Puget Sound-Strait of Georgia Chum","Gig Harbor/Ollala Creek Fall Chum-"
"211","Chum_Puget Sound-Strait of Georgia Chum_Goldsborough/Shelton Creeks Fall Chum-",0.0107069314287237,"Chum","Puget Sound-Strait of Georgia Chum","Goldsborough/Shelton Creeks Fall Chum-"
"212","Chum_Puget Sound-Strait of Georgia Chum_Hamma Hamma Late Fall Chum-",-0.126682518450072,"Chum","Puget Sound-Strait of Georgia Chum","Hamma Hamma Late Fall Chum-"
"213","Chum_Puget Sound-Strait of Georgia Chum_Hammersley Inlet Summer Chum-",-0.0311954922056892,"Chum","Puget Sound-Strait of Georgia Chum","Hammersley Inlet Summer Chum-"
"214","Chum_Puget Sound-Strait of Georgia Chum_Henderson Inlet Fall Chum-",0.07654498981646,"Chum","Puget Sound-Strait of Georgia Chum","Henderson Inlet Fall Chum-"
"215","Chum_Puget Sound-Strait of Georgia Chum_Johns/Mill Creeks Fall Chum-",-0.0438967267007363,"Chum","Puget Sound-Strait of Georgia Chum","Johns/Mill Creeks Fall Chum-"
"216","Chum_Puget Sound-Strait of Georgia Chum_Mainstem Skagit Fall Chum-",-0.073165613617597,"Chum","Puget Sound-Strait of Georgia Chum","Mainstem Skagit Fall Chum-"
"217","Chum_Puget Sound-Strait of Georgia Chum_Nisqually Winter Chum-",0.000656917883423316,"Chum","Puget Sound-Strait of Georgia Chum","Nisqually Winter Chum-"
"218","Chum_Puget Sound-Strait of Georgia Chum_Nooksack Fall Chum-",0.000833760326406332,"Chum","Puget Sound-Strait of Georgia Chum","Nooksack Fall Chum-"
"219","Chum_Puget Sound-Strait of Georgia Chum_Northeast Hood Canal Fall Chum-",-0.100869754739521,"Chum","Puget Sound-Strait of Georgia Chum","Northeast Hood Canal Fall Chum-"
"220","Chum_Puget Sound-Strait of Georgia Chum_Puyallup/Carbon Fall Chum-",-0.0273522427668263,"Chum","Puget Sound-Strait of Georgia Chum","Puyallup/Carbon Fall Chum-"
"221","Chum_Puget Sound-Strait of Georgia Chum_Quilcene Late Fall Chum-",-0.084654855732203,"Chum","Puget Sound-Strait of Georgia Chum","Quilcene Late Fall Chum-"
"222","Chum_Puget Sound-Strait of Georgia Chum_Samish/Independents Fall Chum-",-0.252836423039314,"Chum","Puget Sound-Strait of Georgia Chum","Samish/Independents Fall Chum-"
"223","Chum_Puget Sound-Strait of Georgia Chum_Sinclair Inlet Fall Chum-",0.00837230226775043,"Chum","Puget Sound-Strait of Georgia Chum","Sinclair Inlet Fall Chum-"
"224","Chum_Puget Sound-Strait of Georgia Chum_Skookum Inlet Fall Chum-",0.000483020234880294,"Chum","Puget Sound-Strait of Georgia Chum","Skookum Inlet Fall Chum-"
"225","Chum_Puget Sound-Strait of Georgia Chum_Skykomish Fall Chum-",-0.0862996570846587,"Chum","Puget Sound-Strait of Georgia Chum","Skykomish Fall Chum-"
"226","Chum_Puget Sound-Strait of Georgia Chum_Southeast Hood Canal Fall Chum-",-0.0558395829067657,"Chum","Puget Sound-Strait of Georgia Chum","Southeast Hood Canal Fall Chum-"
"227","Chum_Puget Sound-Strait of Georgia Chum_Totten Inlet Fall Chum-",-0.0515814848492518,"Chum","Puget Sound-Strait of Georgia Chum","Totten Inlet Fall Chum-"
"228","Chum_Puget Sound-Strait of Georgia Chum_Upper Skokomish Late Fall Chum-",-0.0312591298979449,"Chum","Puget Sound-Strait of Georgia Chum","Upper Skokomish Late Fall Chum-"
"229","Chum_Puget Sound-Strait of Georgia Chum_Upper Skookum Creek Fall Chum-",0.013057516528794,"Chum","Puget Sound-Strait of Georgia Chum","Upper Skookum Creek Fall Chum-"
"230","Chum_Puget Sound-Strait of Georgia Chum_Wallace Fall Chum-",-0.179819615056516,"Chum","Puget Sound-Strait of Georgia Chum","Wallace Fall Chum-"
"231","Chum_Puget Sound-Strait of Georgia Chum_West Hood Canal Fall Chum-",-0.0499130568818052,"Chum","Puget Sound-Strait of Georgia Chum","West Hood Canal Fall Chum-"
"232","Coho_Central California Coast coho salmon_casparcrk",-0.0683624192029714,"Coho","Central California Coast coho salmon","casparcrk"
"233","Coho_Central California Coast coho salmon_lagunitascrk",-0.0254370258109268,"Coho","Central California Coast coho salmon","lagunitascrk"
"234","Coho_Central California Coast coho salmon_littleriv",-0.0863265041628473,"Coho","Central California Coast coho salmon","littleriv"
"235","Coho_Central California Coast coho salmon_noyoriv",-0.0138138264196218,"Coho","Central California Coast coho salmon","noyoriv"
"236","Coho_Central California Coast coho salmon_puddingcrk",-0.0141964645192085,"Coho","Central California Coast coho salmon","puddingcrk"
"237","Coho_Central California Coast coho salmon_redwoodcrkmarin",-0.0199885782210607,"Coho","Central California Coast coho salmon","redwoodcrkmarin"
"238","Coho_Central California Coast coho salmon_scottcrk",-0.0720329170992114,"Coho","Central California Coast coho salmon","scottcrk"
"239","Coho_Central California Coast coho salmon_sfnoyolcs",-0.00692404194922261,"Coho","Central California Coast coho salmon","sfnoyolcs"
"240","Coho_Lower Columbia River Coho Salmon ESU_Coho Salmon (Lower Columbia River ESU) - Big Creek",0.0890620920295195,"Coho","Lower Columbia River Coho Salmon ESU","Coho Salmon (Lower Columbia River ESU) - Big Creek"
"241","Coho_Lower Columbia River Coho Salmon ESU_Coho Salmon (Lower Columbia River ESU) - Clackamas River",0.0586369173178883,"Coho","Lower Columbia River Coho Salmon ESU","Coho Salmon (Lower Columbia River ESU) - Clackamas River"
"242","Coho_Lower Columbia River Coho Salmon ESU_Coho Salmon (Lower Columbia River ESU) - Clatskanie River",0.0655520411275874,"Coho","Lower Columbia River Coho Salmon ESU","Coho Salmon (Lower Columbia River ESU) - Clatskanie River"
"243","Coho_Lower Columbia River Coho Salmon ESU_Coho Salmon (Lower Columbia River ESU) - Oregon Upper Gorge tributaries and Hood River",-0.0429612565633045,"Coho","Lower Columbia River Coho Salmon ESU","Coho Salmon (Lower Columbia River ESU) - Oregon Upper Gorge tributaries and Hood River"
"244","Coho_Lower Columbia River Coho Salmon ESU_Coho Salmon (Lower Columbia River ESU) - Sandy River",0.0207563421691225,"Coho","Lower Columbia River Coho Salmon ESU","Coho Salmon (Lower Columbia River ESU) - Sandy River"
"245","Coho_Lower Columbia River Coho Salmon ESU_Coho Salmon (Lower Columbia River ESU) - Scappoose River",0.0399894584280452,"Coho","Lower Columbia River Coho Salmon ESU","Coho Salmon (Lower Columbia River ESU) - Scappoose River"
"246","Coho_Lower Columbia River Coho Salmon ESU_Coho Salmon (Lower Columbia River ESU) - Tilton River",0.00746262323161962,"Coho","Lower Columbia River Coho Salmon ESU","Coho Salmon (Lower Columbia River ESU) - Tilton River"
"247","Coho_Lower Columbia River Coho Salmon ESU_Coho Salmon (Lower Columbia River ESU) - Upper Cowlitz River",-0.0149770179402018,"Coho","Lower Columbia River Coho Salmon ESU","Coho Salmon (Lower Columbia River ESU) - Upper Cowlitz River"
"248","Coho_Lower Columbia River Coho Salmon ESU_Coho Salmon (Lower Columbia River ESU) - Washington Upper Gorge tributaries and White Salmon River",-0.0310655943168893,"Coho","Lower Columbia River Coho Salmon ESU","Coho Salmon (Lower Columbia River ESU) - Washington Upper Gorge tributaries and White Salmon River"
"249","Coho_Lower Columbia River Coho Salmon ESU_Coho Salmon (Lower Columbia River ESU) - Youngs Bay",-0.0289814053435742,"Coho","Lower Columbia River Coho Salmon ESU","Coho Salmon (Lower Columbia River ESU) - Youngs Bay"
"250","Coho_Olympic Peninsula Coho_Bogachiel Fall Coho-",-0.0186528689878855,"Coho","Olympic Peninsula Coho","Bogachiel Fall Coho-"
"251","Coho_Olympic Peninsula Coho_Calawah Fall Coho-",-0.0239743092408687,"Coho","Olympic Peninsula Coho","Calawah Fall Coho-"
"252","Coho_Olympic Peninsula Coho_Clallam Coho-",0.0344153289251899,"Coho","Olympic Peninsula Coho","Clallam Coho-"
"253","Coho_Olympic Peninsula Coho_Clearwater Coho-",-0.017638760277682,"Coho","Olympic Peninsula Coho","Clearwater Coho-"
"254","Coho_Olympic Peninsula Coho_Dickey Fall Coho-",-0.0226045495206047,"Coho","Olympic Peninsula Coho","Dickey Fall Coho-"
"255","Coho_Olympic Peninsula Coho_Hoh Coho-",-0.0203098556304188,"Coho","Olympic Peninsula Coho","Hoh Coho-"
"256","Coho_Olympic Peninsula Coho_Hoko Coho-",-0.0167655135014697,"Coho","Olympic Peninsula Coho","Hoko Coho-"
"257","Coho_Olympic Peninsula Coho_Lyre Coho-",-0.0185601390520271,"Coho","Olympic Peninsula Coho","Lyre Coho-"
"258","Coho_Olympic Peninsula Coho_Pysht/Twin/Deep Creek Coho-",0.00781812135520712,"Coho","Olympic Peninsula Coho","Pysht/Twin/Deep Creek Coho-"
"259","Coho_Olympic Peninsula Coho_Queets Coho-",-0.024723690896617,"Coho","Olympic Peninsula Coho","Queets Coho-"
"260","Coho_Olympic Peninsula Coho_Salmon River Coho-",-0.0984311722568457,"Coho","Olympic Peninsula Coho","Salmon River Coho-"
"261","Coho_Olympic Peninsula Coho_Salt Creek Coho-",0.0167273052898352,"Coho","Olympic Peninsula Coho","Salt Creek Coho-"
"262","Coho_Olympic Peninsula Coho_Sekiu/Sail Coho-",0.00311989012764407,"Coho","Olympic Peninsula Coho","Sekiu/Sail Coho-"
"263","Coho_Olympic Peninsula Coho_Sol Duc Fall Coho-",-0.0393484310421673,"Coho","Olympic Peninsula Coho","Sol Duc Fall Coho-"
"264","Coho_Olympic Peninsula Coho_Sol Duc Summer Coho-",-0.0135397645735648,"Coho","Olympic Peninsula Coho","Sol Duc Summer Coho-"
"265","Coho_Oregon Coast Coho Salmon ESU_Coho Salmon (Oregon Coast ESU) - Alsea River",0.074240293178776,"Coho","Oregon Coast Coho Salmon ESU","Coho Salmon (Oregon Coast ESU) - Alsea River"
"266","Coho_Oregon Coast Coho Salmon ESU_Coho Salmon (Oregon Coast ESU) - Beaver Creek",0.004012691275511,"Coho","Oregon Coast Coho Salmon ESU","Coho Salmon (Oregon Coast ESU) - Beaver Creek"
"267","Coho_Oregon Coast Coho Salmon ESU_Coho Salmon (Oregon Coast ESU) - Coos River",0.00417381817366098,"Coho","Oregon Coast Coho Salmon ESU","Coho Salmon (Oregon Coast ESU) - Coos River"
"268","Coho_Oregon Coast Coho Salmon ESU_Coho Salmon (Oregon Coast ESU) - Coquille River",0.0291534697964048,"Coho","Oregon Coast Coho Salmon ESU","Coho Salmon (Oregon Coast ESU) - Coquille River"
"269","Coho_Oregon Coast Coho Salmon ESU_Coho Salmon (Oregon Coast ESU) - Floras/New River",-0.00672510896474477,"Coho","Oregon Coast Coho Salmon ESU","Coho Salmon (Oregon Coast ESU) - Floras/New River"
"270","Coho_Oregon Coast Coho Salmon ESU_Coho Salmon (Oregon Coast ESU) - Lower Umpqua River",0.0249424959088357,"Coho","Oregon Coast Coho Salmon ESU","Coho Salmon (Oregon Coast ESU) - Lower Umpqua River"
"271","Coho_Oregon Coast Coho Salmon ESU_Coho Salmon (Oregon Coast ESU) - Middle Umpqua River",0.00516306905497381,"Coho","Oregon Coast Coho Salmon ESU","Coho Salmon (Oregon Coast ESU) - Middle Umpqua River"
"272","Coho_Oregon Coast Coho Salmon ESU_Coho Salmon (Oregon Coast ESU) - Necanicum River",0.0205527581603227,"Coho","Oregon Coast Coho Salmon ESU","Coho Salmon (Oregon Coast ESU) - Necanicum River"
"273","Coho_Oregon Coast Coho Salmon ESU_Coho Salmon (Oregon Coast ESU) - Nehalem River",0.0179782269378612,"Coho","Oregon Coast Coho Salmon ESU","Coho Salmon (Oregon Coast ESU) - Nehalem River"
"274","Coho_Oregon Coast Coho Salmon ESU_Coho Salmon (Oregon Coast ESU) - Nestucca River",0.0425384304304058,"Coho","Oregon Coast Coho Salmon ESU","Coho Salmon (Oregon Coast ESU) - Nestucca River"
"275","Coho_Oregon Coast Coho Salmon ESU_Coho Salmon (Oregon Coast ESU) - North Umpqua River",-0.030469756358528,"Coho","Oregon Coast Coho Salmon ESU","Coho Salmon (Oregon Coast ESU) - North Umpqua River"
"276","Coho_Oregon Coast Coho Salmon ESU_Coho Salmon (Oregon Coast ESU) - Salmon River",-0.0213944789613109,"Coho","Oregon Coast Coho Salmon ESU","Coho Salmon (Oregon Coast ESU) - Salmon River"
"277","Coho_Oregon Coast Coho Salmon ESU_Coho Salmon (Oregon Coast ESU) - Siletz River",0.0898143587173417,"Coho","Oregon Coast Coho Salmon ESU","Coho Salmon (Oregon Coast ESU) - Siletz River"
"278","Coho_Oregon Coast Coho Salmon ESU_Coho Salmon (Oregon Coast ESU) - Siltcoos Lake",-0.0317783176281613,"Coho","Oregon Coast Coho Salmon ESU","Coho Salmon (Oregon Coast ESU) - Siltcoos Lake"
"279","Coho_Oregon Coast Coho Salmon ESU_Coho Salmon (Oregon Coast ESU) - Siuslaw River",0.038054269720548,"Coho","Oregon Coast Coho Salmon ESU","Coho Salmon (Oregon Coast ESU) - Siuslaw River"
"280","Coho_Oregon Coast Coho Salmon ESU_Coho Salmon (Oregon Coast ESU) - Sixes River",-0.000540788329207267,"Coho","Oregon Coast Coho Salmon ESU","Coho Salmon (Oregon Coast ESU) - Sixes River"
"281","Coho_Oregon Coast Coho Salmon ESU_Coho Salmon (Oregon Coast ESU) - South Umpqua River",-0.00399788846055465,"Coho","Oregon Coast Coho Salmon ESU","Coho Salmon (Oregon Coast ESU) - South Umpqua River"
"282","Coho_Oregon Coast Coho Salmon ESU_Coho Salmon (Oregon Coast ESU) - Tahkenitch Lake",-0.0150792646650948,"Coho","Oregon Coast Coho Salmon ESU","Coho Salmon (Oregon Coast ESU) - Tahkenitch Lake"
"283","Coho_Oregon Coast Coho Salmon ESU_Coho Salmon (Oregon Coast ESU) - Tenmile Lake",-0.0321992653801779,"Coho","Oregon Coast Coho Salmon ESU","Coho Salmon (Oregon Coast ESU) - Tenmile Lake"
"284","Coho_Oregon Coast Coho Salmon ESU_Coho Salmon (Oregon Coast ESU) - Tillamook Bay",0.0616084332468888,"Coho","Oregon Coast Coho Salmon ESU","Coho Salmon (Oregon Coast ESU) - Tillamook Bay"
"285","Coho_Oregon Coast Coho Salmon ESU_Coho Salmon (Oregon Coast ESU) - Yaquina River",0.0336820128747679,"Coho","Oregon Coast Coho Salmon ESU","Coho Salmon (Oregon Coast ESU) - Yaquina River"
"286","Coho_Puget Sound-Strait of Georgia Coho_Chambers Creek Coho-",-0.179615040238102,"Coho","Puget Sound-Strait of Georgia Coho","Chambers Creek Coho-"
"287","Coho_Puget Sound-Strait of Georgia Coho_Chimacum Creek Coho-",-0.071198301234345,"Coho","Puget Sound-Strait of Georgia Coho","Chimacum Creek Coho-"
"288","Coho_Puget Sound-Strait of Georgia Coho_Deep South Sound Tribs Coho-",0.0146325723566464,"Coho","Puget Sound-Strait of Georgia Coho","Deep South Sound Tribs Coho-"
"289","Coho_Puget Sound-Strait of Georgia Coho_Deschutes Coho-",0.0245066475515756,"Coho","Puget Sound-Strait of Georgia Coho","Deschutes Coho-"
"290","Coho_Puget Sound-Strait of Georgia Coho_Discovery Bay Coho-",0.11979907288087,"Coho","Puget Sound-Strait of Georgia Coho","Discovery Bay Coho-"
"291","Coho_Puget Sound-Strait of Georgia Coho_East Kitsap Coho-",-0.0558318245099568,"Coho","Puget Sound-Strait of Georgia Coho","East Kitsap Coho-"
"292","Coho_Puget Sound-Strait of Georgia Coho_Green River/Soos Creek Coho-",-0.0282750640112129,"Coho","Puget Sound-Strait of Georgia Coho","Green River/Soos Creek Coho-"
"293","Coho_Puget Sound-Strait of Georgia Coho_Morse Creek Coho-",0.0415668219245482,"Coho","Puget Sound-Strait of Georgia Coho","Morse Creek Coho-"
"294","Coho_Puget Sound-Strait of Georgia Coho_Nisqually Coho-",-0.104027340385068,"Coho","Puget Sound-Strait of Georgia Coho","Nisqually Coho-"
"295","Coho_Puget Sound-Strait of Georgia Coho_Nooksack Coho-",-0.0394379691088976,"Coho","Puget Sound-Strait of Georgia Coho","Nooksack Coho-"
"296","Coho_Puget Sound-Strait of Georgia Coho_Northeast Hood Canal Coho-",-0.0766985817416499,"Coho","Puget Sound-Strait of Georgia Coho","Northeast Hood Canal Coho-"
"297","Coho_Puget Sound-Strait of Georgia Coho_Quilcene/Dabob Bays Coho-",-0.062204698051379,"Coho","Puget Sound-Strait of Georgia Coho","Quilcene/Dabob Bays Coho-"
"298","Coho_Puget Sound-Strait of Georgia Coho_Samish Coho-",-0.133383442407676,"Coho","Puget Sound-Strait of Georgia Coho","Samish Coho-"
"299","Coho_Puget Sound-Strait of Georgia Coho_Sequim Bay Coho-",-0.0157428470284018,"Coho","Puget Sound-Strait of Georgia Coho","Sequim Bay Coho-"
"300","Coho_Puget Sound-Strait of Georgia Coho_Skagit Coho-",-0.0304927800540793,"Coho","Puget Sound-Strait of Georgia Coho","Skagit Coho-"
"301","Coho_Puget Sound-Strait of Georgia Coho_Snohomish Coho-",-0.0489604335956889,"Coho","Puget Sound-Strait of Georgia Coho","Snohomish Coho-"
"302","Coho_Puget Sound-Strait of Georgia Coho_South Fork Skykomish Coho-",-0.0479012309092649,"Coho","Puget Sound-Strait of Georgia Coho","South Fork Skykomish Coho-"
"303","Coho_Puget Sound-Strait of Georgia Coho_Stillaguamish Coho-",-0.0139564762273077,"Coho","Puget Sound-Strait of Georgia Coho","Stillaguamish Coho-"
"304","Coho_Puget Sound-Strait of Georgia Coho_White River (Puyallup) Coho-",0.0681971745038766,"Coho","Puget Sound-Strait of Georgia Coho","White River (Puyallup) Coho-"
"305","Coho_So Oregon - Northern CA coho_elkriv.coho",0.077306188777799,"Coho","So Oregon - Northern CA coho","elkriv.coho"
"306","Coho_So Oregon - Northern CA coho_humboldtbay_freshwatercrk.coho",-0.0139210699657789,"Coho","So Oregon - Northern CA coho","humboldtbay"
"307","Coho_So Oregon - Northern CA coho_rogueriv.coho",0.0112669065445994,"Coho","So Oregon - Northern CA coho","rogueriv.coho"
"308","Coho_So Oregon - Northern CA coho_scottriv.coho",-0.0302228117530145,"Coho","So Oregon - Northern CA coho","scottriv.coho"
"309","Coho_So Oregon - Northern CA coho_shastariv.coho",-0.0696263027503546,"Coho","So Oregon - Northern CA coho","shastariv.coho"
"310","Coho_Washington Coast Coho_Bear River Coho",0.036794193800831,"Coho","Washington Coast Coho","Bear River Coho"
"311","Coho_Washington Coast Coho_Chehalis Coho",0.00670782176259577,"Coho","Washington Coast Coho","Chehalis Coho"
"312","Coho_Washington Coast Coho_Hoquiam Coho",-0.0276427077696691,"Coho","Washington Coast Coho","Hoquiam Coho"
"313","Coho_Washington Coast Coho_Humptulips Coho",-0.0599785354848588,"Coho","Washington Coast Coho","Humptulips Coho"
"314","Coho_Washington Coast Coho_Naselle Coho",0.00468819669537895,"Coho","Washington Coast Coho","Naselle Coho"
"315","Coho_Washington Coast Coho_Nemah Coho",-0.0356836794927924,"Coho","Washington Coast Coho","Nemah Coho"
"316","Coho_Washington Coast Coho_North River/Smith Creek Coho",0.00104120989448343,"Coho","Washington Coast Coho","North River/Smith Creek Coho"
"317","Coho_Washington Coast Coho_Palix/Niawiakum Coho",0.0102524755945081,"Coho","Washington Coast Coho","Palix/Niawiakum Coho"
"318","Coho_Washington Coast Coho_Satsop Coho",-0.00457122883907429,"Coho","Washington Coast Coho","Satsop Coho"
"319","Coho_Washington Coast Coho_South Bay Coho",0.0176280879341965,"Coho","Washington Coast Coho","South Bay Coho"
"320","Coho_Washington Coast Coho_Willapa Coho",-0.0138165464146829,"Coho","Washington Coast Coho","Willapa Coho"
"321","Coho_Washington Coast Coho_Wishkah Coho",-0.0539491900045921,"Coho","Washington Coast Coho","Wishkah Coho"
"322","Coho_Washington Coast Coho_Wynoochee Coho",-0.0156938690660901,"Coho","Washington Coast Coho","Wynoochee Coho"
"323","Pink_Odd-year Pink_Dosewallips Pink-",0.0670085462712485,"Pink","Odd-year Pink","Dosewallips Pink-"
"324","Pink_Odd-year Pink_Duckabush Pink-",0.0767342462285488,"Pink","Odd-year Pink","Duckabush Pink-"
"325","Pink_Odd-year Pink_Hamma Hamma Pink-",0.0634700284924894,"Pink","Odd-year Pink","Hamma Hamma Pink-"
"326","Pink_Odd-year Pink_Lower Dungeness Pink-",0.191335646490679,"Pink","Odd-year Pink","Lower Dungeness Pink-"
"327","Pink_Odd-year Pink_Puyallup Pink-",0.19778884204522,"Pink","Odd-year Pink","Puyallup Pink-"
"328","Pink_Odd-year Pink_Skagit Pink-",0.0126958180518819,"Pink","Odd-year Pink","Skagit Pink-"
"329","Pink_Odd-year Pink_Snohomish Odd-Year Pink-",0.0289549359696298,"Pink","Odd-year Pink","Snohomish Odd-Year Pink-"
"330","Pink_Odd-year Pink_Stillaguamish Pink-",-0.0585983818968986,"Pink","Odd-year Pink","Stillaguamish Pink-"
"331","Pink_Odd-year Pink_Upper Dungeness Pink-",0.0895093086243751,"Pink","Odd-year Pink","Upper Dungeness Pink-"
"332","Sockeye_Baker River Sockeye_Baker Sockeye-",0.0684729646653881,"Sockeye","Baker River Sockeye","Baker Sockeye-"
"333","Sockeye_Big Bear Creek (provisional) Sockeye_Lake Washington/Sammamish Tribs Sockeye-",-0.123324377178593,"Sockeye","Big Bear Creek (provisional) Sockeye","Lake Washington/Sammamish Tribs Sockeye-"
"334","Sockeye_Lake Pleasant Sockeye_Lake Pleasant Sockeye-",0.00111300859669423,"Sockeye","Lake Pleasant Sockeye","Lake Pleasant Sockeye-"
"335","Sockeye_Lake Wenatchee Sockeye_Wenatchee Sockeye-",0.0776353073762378,"Sockeye","Lake Wenatchee Sockeye","Wenatchee Sockeye-"
"336","Sockeye_Okanogan River Sockeye_Okanogan Sockeye-",0.122771138833424,"Sockeye","Okanogan River Sockeye","Okanogan Sockeye-"
"337","Sockeye_Ozette Lake Sockeye Salmon ESU_Sockeye Salmon (Ozette Lake ESU) - Ozette Lake",0.0507887096894837,"Sockeye","Ozette Lake Sockeye Salmon ESU","Sockeye Salmon (Ozette Lake ESU) - Ozette Lake"
"338","Sockeye_Quinault Lake Sockeye_Quinault Sockeye-",-0.0095383652938394,"Sockeye","Quinault Lake Sockeye","Quinault Sockeye-"
"339","Sockeye_Snake River Sockeye Salmon ESU_Redfish Lake Sockeye",0.120740688466478,"Sockeye","Snake River Sockeye Salmon ESU","Redfish Lake Sockeye"
"340","Steelhead_California Central Valley Steelhead_americanriv.sthd",-0.0609365514198413,"Steelhead","California Central Valley Steelhead","americanriv.sthd"
"341","Steelhead_California Central Valley Steelhead_clearcrk.sthd",0.061289391492356,"Steelhead","California Central Valley Steelhead","clearcrk.sthd"
"342","Steelhead_California Central Valley Steelhead_mokelumneriv.sthd",0.053647130970013,"Steelhead","California Central Valley Steelhead","mokelumneriv.sthd"
"343","Steelhead_California Central Valley Steelhead_stanislausriv.sthd",0.14671815134074,"Steelhead","California Central Valley Steelhead","stanislausriv.sthd"
"344","Steelhead_California Central Valley Steelhead_yubariv.sthd",0.0525854210908412,"Steelhead","California Central Valley Steelhead","yubariv.sthd"
"345","Steelhead_Central California Coast steelhead_scottcrk",-0.0526476229330384,"Steelhead","Central California Coast steelhead","scottcrk"
"346","Steelhead_Lower Columbia River Steelhead DPS_Steelhead (Lower Columbia River DPS) - Clackamas River Winter-run",0.0524638500081704,"Steelhead","Lower Columbia River Steelhead DPS","Steelhead (Lower Columbia River DPS) - Clackamas River Winter-run"
"347","Steelhead_Lower Columbia River Steelhead DPS_Steelhead (Lower Columbia River DPS) - Coweeman River Winter-run",0.033774824832178,"Steelhead","Lower Columbia River Steelhead DPS","Steelhead (Lower Columbia River DPS) - Coweeman River Winter-run"
"348","Steelhead_Lower Columbia River Steelhead DPS_Steelhead (Lower Columbia River DPS) - East Fork Lewis River Summer-run",0.0514288931893953,"Steelhead","Lower Columbia River Steelhead DPS","Steelhead (Lower Columbia River DPS) - East Fork Lewis River Summer-run"
"349","Steelhead_Lower Columbia River Steelhead DPS_Steelhead (Lower Columbia River DPS) - East Fork Lewis River Winter-run",0.0481286113456647,"Steelhead","Lower Columbia River Steelhead DPS","Steelhead (Lower Columbia River DPS) - East Fork Lewis River Winter-run"
"350","Steelhead_Lower Columbia River Steelhead DPS_Steelhead (Lower Columbia River DPS) - Kalama River Summer-run",0.00882821503437321,"Steelhead","Lower Columbia River Steelhead DPS","Steelhead (Lower Columbia River DPS) - Kalama River Summer-run"
"351","Steelhead_Lower Columbia River Steelhead DPS_Steelhead (Lower Columbia River DPS) - Kalama River Winter-run",-0.0202483334115097,"Steelhead","Lower Columbia River Steelhead DPS","Steelhead (Lower Columbia River DPS) - Kalama River Winter-run"
"352","Steelhead_Lower Columbia River Steelhead DPS_Steelhead (Lower Columbia River DPS) - North Fork Toutle River Winter-run",0.0167551123822839,"Steelhead","Lower Columbia River Steelhead DPS","Steelhead (Lower Columbia River DPS) - North Fork Toutle River Winter-run"
"353","Steelhead_Lower Columbia River Steelhead DPS_Steelhead (Lower Columbia River DPS) - South Fork Toutle River Winter-run",0.00527295929351069,"Steelhead","Lower Columbia River Steelhead DPS","Steelhead (Lower Columbia River DPS) - South Fork Toutle River Winter-run"
"354","Steelhead_Lower Columbia River Steelhead DPS_Steelhead (Lower Columbia River DPS) - Tilton River Winter-run",-0.0437674423610471,"Steelhead","Lower Columbia River Steelhead DPS","Steelhead (Lower Columbia River DPS) - Tilton River Winter-run"
"355","Steelhead_Lower Columbia River Steelhead DPS_Steelhead (Lower Columbia River DPS) - Upper Cowlitz River Winter-run",0.0447247653250207,"Steelhead","Lower Columbia River Steelhead DPS","Steelhead (Lower Columbia River DPS) - Upper Cowlitz River Winter-run"
"356","Steelhead_Lower Columbia River Steelhead DPS_Steelhead (Lower Columbia River DPS) - Upper Gorge Tributaries Winter-run",-0.0550485613385667,"Steelhead","Lower Columbia River Steelhead DPS","Steelhead (Lower Columbia River DPS) - Upper Gorge Tributaries Winter-run"
"357","Steelhead_Lower Columbia River Steelhead DPS_Steelhead (Lower Columbia River DPS) - Washougal River Summer-run",0.0685818762121727,"Steelhead","Lower Columbia River Steelhead DPS","Steelhead (Lower Columbia River DPS) - Washougal River Summer-run"
"358","Steelhead_Lower Columbia River Steelhead DPS_Steelhead (Lower Columbia River DPS) - Washougal River Winter-run",0.0292137633202375,"Steelhead","Lower Columbia River Steelhead DPS","Steelhead (Lower Columbia River DPS) - Washougal River Winter-run"
"359","Steelhead_Lower Columbia River Steelhead DPS_Steelhead (Lower Columbia River DPS) - Wind River Summer-run",0.00917890661507603,"Steelhead","Lower Columbia River Steelhead DPS","Steelhead (Lower Columbia River DPS) - Wind River Summer-run"
"360","Steelhead_Middle Columbia River Steelhead DPS_Steelhead (Middle Columbia River DPS) - Deschutes River - eastside",-0.100957089749537,"Steelhead","Middle Columbia River Steelhead DPS","Steelhead (Middle Columbia River DPS) - Deschutes River - eastside"
"361","Steelhead_Middle Columbia River Steelhead DPS_Steelhead (Middle Columbia River DPS) - Deschutes River - westside",-0.00790556896397428,"Steelhead","Middle Columbia River Steelhead DPS","Steelhead (Middle Columbia River DPS) - Deschutes River - westside"
"362","Steelhead_Middle Columbia River Steelhead DPS_Steelhead (Middle Columbia River DPS) - Fifteenmile Creek Winter-run",-0.0287996161636917,"Steelhead","Middle Columbia River Steelhead DPS","Steelhead (Middle Columbia River DPS) - Fifteenmile Creek Winter-run"
"363","Steelhead_Middle Columbia River Steelhead DPS_Steelhead (Middle Columbia River DPS) - John Day River Lower Mainstem Tributaries",-0.014051522660038,"Steelhead","Middle Columbia River Steelhead DPS","Steelhead (Middle Columbia River DPS) - John Day River Lower Mainstem Tributaries"
"364","Steelhead_Middle Columbia River Steelhead DPS_Steelhead (Middle Columbia River DPS) - John Day River Upper Mainstem",0.0093121680998779,"Steelhead","Middle Columbia River Steelhead DPS","Steelhead (Middle Columbia River DPS) - John Day River Upper Mainstem"
"365","Steelhead_Middle Columbia River Steelhead DPS_Steelhead (Middle Columbia River DPS) - Klickitat River",0.00331173948558914,"Steelhead","Middle Columbia River Steelhead DPS","Steelhead (Middle Columbia River DPS) - Klickitat River"
"366","Steelhead_Middle Columbia River Steelhead DPS_Steelhead (Middle Columbia River DPS) - Middle Fork John Day River",0.0749815822675812,"Steelhead","Middle Columbia River Steelhead DPS","Steelhead (Middle Columbia River DPS) - Middle Fork John Day River"
"367","Steelhead_Middle Columbia River Steelhead DPS_Steelhead (Middle Columbia River DPS) - Naches River",0.0466885569148318,"Steelhead","Middle Columbia River Steelhead DPS","Steelhead (Middle Columbia River DPS) - Naches River"
"368","Steelhead_Middle Columbia River Steelhead DPS_Steelhead (Middle Columbia River DPS) - North Fork John Day River",-0.00930570161607724,"Steelhead","Middle Columbia River Steelhead DPS","Steelhead (Middle Columbia River DPS) - North Fork John Day River"
"369","Steelhead_Middle Columbia River Steelhead DPS_Steelhead (Middle Columbia River DPS) - Rock Creek",0.0889686593142359,"Steelhead","Middle Columbia River Steelhead DPS","Steelhead (Middle Columbia River DPS) - Rock Creek"
"370","Steelhead_Middle Columbia River Steelhead DPS_Steelhead (Middle Columbia River DPS) - Satus Creek",0.0321886765317405,"Steelhead","Middle Columbia River Steelhead DPS","Steelhead (Middle Columbia River DPS) - Satus Creek"
"371","Steelhead_Middle Columbia River Steelhead DPS_Steelhead (Middle Columbia River DPS) - South Fork John Day River",0.0823083350426368,"Steelhead","Middle Columbia River Steelhead DPS","Steelhead (Middle Columbia River DPS) - South Fork John Day River"
"372","Steelhead_Middle Columbia River Steelhead DPS_Steelhead (Middle Columbia River DPS) - Toppenish Creek",-0.000553538754941424,"Steelhead","Middle Columbia River Steelhead DPS","Steelhead (Middle Columbia River DPS) - Toppenish Creek"
"373","Steelhead_Middle Columbia River Steelhead DPS_Steelhead (Middle Columbia River DPS) - Touchet River",-0.0236894868351947,"Steelhead","Middle Columbia River Steelhead DPS","Steelhead (Middle Columbia River DPS) - Touchet River"
"374","Steelhead_Middle Columbia River Steelhead DPS_Steelhead (Middle Columbia River DPS) - Umatilla River",0.00120914525553901,"Steelhead","Middle Columbia River Steelhead DPS","Steelhead (Middle Columbia River DPS) - Umatilla River"
"375","Steelhead_Middle Columbia River Steelhead DPS_Steelhead (Middle Columbia River DPS) - Walla Walla River",-0.00936421909542838,"Steelhead","Middle Columbia River Steelhead DPS","Steelhead (Middle Columbia River DPS) - Walla Walla River"
"376","Steelhead_Middle Columbia River Steelhead DPS_Steelhead (Middle Columbia River DPS) - Yakima River upper mainstem",0.083281667992845,"Steelhead","Middle Columbia River Steelhead DPS","Steelhead (Middle Columbia River DPS) - Yakima River upper mainstem"
"377","Steelhead_Northern California steelhead_casparcrk",-0.0752275018526931,"Steelhead","Northern California steelhead","casparcrk"
"378","Steelhead_Northern California steelhead_freshwtrcrk",-0.00198634169204974,"Steelhead","Northern California steelhead","freshwtrcrk"
"379","Steelhead_Northern California steelhead_littleriv",-0.0785513446868017,"Steelhead","Northern California steelhead","littleriv"
"380","Steelhead_Northern California steelhead_mattoleriv",-0.0324191759246925,"Steelhead","Northern California steelhead","mattoleriv"
"381","Steelhead_Northern California steelhead_mfeelriv",-0.0146268254622393,"Steelhead","Northern California steelhead","mfeelriv"
"382","Steelhead_Northern California steelhead_noyoriv",0.0344529928184332,"Steelhead","Northern California steelhead","noyoriv"
"383","Steelhead_Northern California steelhead_puddingcrk",-0.0872072679062037,"Steelhead","Northern California steelhead","puddingcrk"
"384","Steelhead_Northern California steelhead_redwoodcrk",0.00960639875021239,"Steelhead","Northern California steelhead","redwoodcrk"
"385","Steelhead_Northern California steelhead_sfnoyoriv",0.00630224049167767,"Steelhead","Northern California steelhead","sfnoyoriv"
"386","Steelhead_Northern California steelhead_vanarsdale",-0.0786407237217892,"Steelhead","Northern California steelhead","vanarsdale"
"387","Steelhead_Olympic Peninsula Steelhead_Calawah Winter Steelhead",-0.0280905524553177,"Steelhead","Olympic Peninsula Steelhead","Calawah Winter Steelhead"
"388","Steelhead_Olympic Peninsula Steelhead_Clallam River",-0.0248540565216433,"Steelhead","Olympic Peninsula Steelhead","Clallam River"
"389","Steelhead_Olympic Peninsula Steelhead_Deep Creek",-0.0278015475528369,"Steelhead","Olympic Peninsula Steelhead","Deep Creek"
"390","Steelhead_Olympic Peninsula Steelhead_Dickey Winter Steelhead",-0.0260977959623293,"Steelhead","Olympic Peninsula Steelhead","Dickey Winter Steelhead"
"391","Steelhead_Olympic Peninsula Steelhead_East Twin River",-0.0223981668564683,"Steelhead","Olympic Peninsula Steelhead","East Twin River"
"392","Steelhead_Olympic Peninsula Steelhead_Goodman Creek Winter Steelhead",-0.0490197973782096,"Steelhead","Olympic Peninsula Steelhead","Goodman Creek Winter Steelhead"
"393","Steelhead_Olympic Peninsula Steelhead_Hoh Winter Steelhead",-0.00330673817947203,"Steelhead","Olympic Peninsula Steelhead","Hoh Winter Steelhead"
"394","Steelhead_Olympic Peninsula Steelhead_Hoko / Little Rivers",-0.0276962766097062,"Steelhead","Olympic Peninsula Steelhead","Hoko / Little Rivers"
"395","Steelhead_Olympic Peninsula Steelhead_Pysht / SF Pysht rivers",-0.0250180648168302,"Steelhead","Olympic Peninsula Steelhead","Pysht / SF Pysht rivers"
"396","Steelhead_Olympic Peninsula Steelhead_Queets Winter Steelhead (incl. Clearwater)",-0.00366300602487839,"Steelhead","Olympic Peninsula Steelhead","Queets Winter Steelhead (incl. Clearwater)"
"397","Steelhead_Olympic Peninsula Steelhead_Quillayute-Bogachiel Winter Steelhead",-0.0355163862125801,"Steelhead","Olympic Peninsula Steelhead","Quillayute-Bogachiel Winter Steelhead"
"398","Steelhead_Olympic Peninsula Steelhead_Quinault Winter Steelhead",-0.0013543117025487,"Steelhead","Olympic Peninsula Steelhead","Quinault Winter Steelhead"
"399","Steelhead_Olympic Peninsula Steelhead_Salt Creek and Tributaries",-0.0519259824399262,"Steelhead","Olympic Peninsula Steelhead","Salt Creek and Tributaries"
"400","Steelhead_Olympic Peninsula Steelhead_Sol Duc Winter Steelhead",-0.0350164129669276,"Steelhead","Olympic Peninsula Steelhead","Sol Duc Winter Steelhead"
"401","Steelhead_Olympic Peninsula Steelhead_West Twin River",-0.0385083917976762,"Steelhead","Olympic Peninsula Steelhead","West Twin River"
"402","Steelhead_Puget Sound Steelhead DPS_Steelhead (Puget Sound DPS) - Cedar River",-0.202057826264787,"Steelhead","Puget Sound Steelhead DPS","Steelhead (Puget Sound DPS) - Cedar River"
"403","Steelhead_Puget Sound Steelhead DPS_Steelhead (Puget Sound DPS) - Eastside Hood Canal Tributaries",0.050640620813567,"Steelhead","Puget Sound Steelhead DPS","Steelhead (Puget Sound DPS) - Eastside Hood Canal Tributaries"
"404","Steelhead_Puget Sound Steelhead DPS_Steelhead (Puget Sound DPS) - Green River",-0.0477092262609183,"Steelhead","Puget Sound Steelhead DPS","Steelhead (Puget Sound DPS) - Green River"
"405","Steelhead_Puget Sound Steelhead DPS_Steelhead (Puget Sound DPS) - Nisqually River",0.027659980738838,"Steelhead","Puget Sound Steelhead DPS","Steelhead (Puget Sound DPS) - Nisqually River"
"406","Steelhead_Puget Sound Steelhead DPS_Steelhead (Puget Sound DPS) - Pilchuck River",-0.0298178682670374,"Steelhead","Puget Sound Steelhead DPS","Steelhead (Puget Sound DPS) - Pilchuck River"
"407","Steelhead_Puget Sound Steelhead DPS_Steelhead (Puget Sound DPS) - Puyallup River",-0.00269241770757038,"Steelhead","Puget Sound Steelhead DPS","Steelhead (Puget Sound DPS) - Puyallup River"
"408","Steelhead_Puget Sound Steelhead DPS_Steelhead (Puget Sound DPS) - Puyallup River-Carbon River",-0.00658183661079338,"Steelhead","Puget Sound Steelhead DPS","Steelhead (Puget Sound DPS) - Puyallup River-Carbon River"
"409","Steelhead_Puget Sound Steelhead DPS_Steelhead (Puget Sound DPS) - Samish River & Bellingham Bay Tributaries",0.015721805901329,"Steelhead","Puget Sound Steelhead DPS","Steelhead (Puget Sound DPS) - Samish River & Bellingham Bay Tributaries"
"410","Steelhead_Puget Sound Steelhead DPS_Steelhead (Puget Sound DPS) - Skagit River",0.000599266402225372,"Steelhead","Puget Sound Steelhead DPS","Steelhead (Puget Sound DPS) - Skagit River"
"411","Steelhead_Puget Sound Steelhead DPS_Steelhead (Puget Sound DPS) - Skokomish River",0.0572428268017007,"Steelhead","Puget Sound Steelhead DPS","Steelhead (Puget Sound DPS) - Skokomish River"
"412","Steelhead_Puget Sound Steelhead DPS_Steelhead (Puget Sound DPS) - Snohomish & Skykomish River",-0.0784341320751426,"Steelhead","Puget Sound Steelhead DPS","Steelhead (Puget Sound DPS) - Snohomish & Skykomish River"
"413","Steelhead_Puget Sound Steelhead DPS_Steelhead (Puget Sound DPS) - Snoqualmie River",-0.06375404055699,"Steelhead","Puget Sound Steelhead DPS","Steelhead (Puget Sound DPS) - Snoqualmie River"
"414","Steelhead_Puget Sound Steelhead DPS_Steelhead (Puget Sound DPS) - South Hood Canal Tributaries",-0.0559380028467779,"Steelhead","Puget Sound Steelhead DPS","Steelhead (Puget Sound DPS) - South Hood Canal Tributaries"
"415","Steelhead_Puget Sound Steelhead DPS_Steelhead (Puget Sound DPS) - Stait of Juan de Fuca Independents",-0.0409613512844625,"Steelhead","Puget Sound Steelhead DPS","Steelhead (Puget Sound DPS) - Stait of Juan de Fuca Independents"
"416","Steelhead_Puget Sound Steelhead DPS_Steelhead (Puget Sound DPS) - Stillaguamish River",-0.0438365889286138,"Steelhead","Puget Sound Steelhead DPS","Steelhead (Puget Sound DPS) - Stillaguamish River"
"417","Steelhead_Puget Sound Steelhead DPS_Steelhead (Puget Sound DPS) - Tolt River Summer-run",-0.0670061322694353,"Steelhead","Puget Sound Steelhead DPS","Steelhead (Puget Sound DPS) - Tolt River Summer-run"
"418","Steelhead_Puget Sound Steelhead DPS_Steelhead (Puget Sound DPS) - Westside Hood Canal Tributaries",0.00915224687037232,"Steelhead","Puget Sound Steelhead DPS","Steelhead (Puget Sound DPS) - Westside Hood Canal Tributaries"
"419","Steelhead_Puget Sound Steelhead DPS_Steelhead (Puget Sound DPS) - White River",0.0246709190915627,"Steelhead","Puget Sound Steelhead DPS","Steelhead (Puget Sound DPS) - White River"
"420","Steelhead_Snake River Basin Steelhead DPS_Steelhead (Snake River Basin DPS) - Asotin Creek",-0.0356221554652653,"Steelhead","Snake River Basin Steelhead DPS","Steelhead (Snake River Basin DPS) - Asotin Creek"
"421","Steelhead_Snake River Basin Steelhead DPS_Steelhead (Snake River Basin DPS) - Clearwater River Lower Mainstem",0.0104784266873938,"Steelhead","Snake River Basin Steelhead DPS","Steelhead (Snake River Basin DPS) - Clearwater River Lower Mainstem"
"422","Steelhead_Snake River Basin Steelhead DPS_Steelhead (Snake River Basin DPS) - Grande Ronde River Upper Mainstem",-0.0199191660133789,"Steelhead","Snake River Basin Steelhead DPS","Steelhead (Snake River Basin DPS) - Grande Ronde River Upper Mainstem"
"423","Steelhead_Snake River Basin Steelhead DPS_Steelhead (Snake River Basin DPS) - Joseph Creek",-0.0191930419157692,"Steelhead","Snake River Basin Steelhead DPS","Steelhead (Snake River Basin DPS) - Joseph Creek"
"424","Steelhead_Snake River Basin Steelhead DPS_Steelhead (Snake River Basin DPS) - Little Salmon and Rapid River",-0.0286462732048189,"Steelhead","Snake River Basin Steelhead DPS","Steelhead (Snake River Basin DPS) - Little Salmon and Rapid River"
"425","Steelhead_Southwest Washington Steelhead_Bear River Winter Steelhead-",-0.0245110437897338,"Steelhead","Southwest Washington Steelhead","Bear River Winter Steelhead-"
"426","Steelhead_Southwest Washington Steelhead_Chehalis Winter Steelhead-",-0.00144450361234214,"Steelhead","Southwest Washington Steelhead","Chehalis Winter Steelhead-"
"427","Steelhead_Southwest Washington Steelhead_Elochoman/Skamokawa Winter Steelhead-Elochoman River Winter Steelhead",0.0586668320058947,"Steelhead","Southwest Washington Steelhead","Elochoman/Skamokawa Winter Steelhead-Elochoman River Winter Steelhead"
"428","Steelhead_Southwest Washington Steelhead_Elochoman/Skamokawa Winter Steelhead-Skamokawa Creek Winter Steelhead",-5.29376412849142e-05,"Steelhead","Southwest Washington Steelhead","Elochoman/Skamokawa Winter Steelhead-Skamokawa Creek Winter Steelhead"
"429","Steelhead_Southwest Washington Steelhead_Grays/Chinook Winter Steelhead-Grays River Winter Steelhead",0.00703333194768357,"Steelhead","Southwest Washington Steelhead","Grays/Chinook Winter Steelhead-Grays River Winter Steelhead"
"430","Steelhead_Southwest Washington Steelhead_Hoquiam Winter Steelhead-",-0.0159619992907326,"Steelhead","Southwest Washington Steelhead","Hoquiam Winter Steelhead-"
"431","Steelhead_Southwest Washington Steelhead_Humptulips Winter Steelhead-",-0.00114698292109862,"Steelhead","Southwest Washington Steelhead","Humptulips Winter Steelhead-"
"432","Steelhead_Southwest Washington Steelhead_Mill/Abernathy/Germany Creeks Winter Steelhead-",0.0267500402198185,"Steelhead","Southwest Washington Steelhead","Mill/Abernathy/Germany Creeks Winter Steelhead-"
"433","Steelhead_Southwest Washington Steelhead_Naselle Winter Steelhead-",-0.0282167476796704,"Steelhead","Southwest Washington Steelhead","Naselle Winter Steelhead-"
"434","Steelhead_Southwest Washington Steelhead_Nemah Winter Steelhead-",-0.00684758645824934,"Steelhead","Southwest Washington Steelhead","Nemah Winter Steelhead-"
"435","Steelhead_Southwest Washington Steelhead_North River/Smith Creek Winter Steelhead-",-0.00893381230192274,"Steelhead","Southwest Washington Steelhead","North River/Smith Creek Winter Steelhead-"
"436","Steelhead_Southwest Washington Steelhead_Palix Winter Steelhead-",0.0273249129423216,"Steelhead","Southwest Washington Steelhead","Palix Winter Steelhead-"
"437","Steelhead_Southwest Washington Steelhead_Satsop Winter Steelhead-",-0.0156439729068562,"Steelhead","Southwest Washington Steelhead","Satsop Winter Steelhead-"
"438","Steelhead_Southwest Washington Steelhead_Skookumchuck/Newaukum Winter Steelhead-",-0.018356876752992,"Steelhead","Southwest Washington Steelhead","Skookumchuck/Newaukum Winter Steelhead-"
"439","Steelhead_Southwest Washington Steelhead_Willapa Winter Steelhead-",-0.00914882141051539,"Steelhead","Southwest Washington Steelhead","Willapa Winter Steelhead-"
"440","Steelhead_Southwest Washington Steelhead_Wishkah Winter Steelhead-",-0.0201350169573627,"Steelhead","Southwest Washington Steelhead","Wishkah Winter Steelhead-"
"441","Steelhead_Southwest Washington Steelhead_Wynoochee Winter Steelhead-",-0.0223803485539296,"Steelhead","Southwest Washington Steelhead","Wynoochee Winter Steelhead-"
"442","Steelhead_Steelhead (Klamath Mountains Province)_Upper Rogue River",-0.00904294951563785,"Steelhead","Steelhead (Klamath Mountains Province)","Upper Rogue River"
"443","Steelhead_Steelhead (Oregon Coast)_Mid Coast Stratum",0.0454953183637282,"Steelhead","Steelhead (Oregon Coast)","Mid Coast Stratum"
"444","Steelhead_Steelhead (Oregon Coast)_Mid-South Coast Stratum",0.00995812504895379,"Steelhead","Steelhead (Oregon Coast)","Mid-South Coast Stratum"
"445","Steelhead_Steelhead (Oregon Coast)_North Coast Stratum",-0.00154241779851389,"Steelhead","Steelhead (Oregon Coast)","North Coast Stratum"
"446","Steelhead_Steelhead (Oregon Coast)_North Umpqua",-0.0305781278422251,"Steelhead","Steelhead (Oregon Coast)","North Umpqua"
"447","Steelhead_Steelhead (Oregon Coast)_Siletz Population",0.0473678451697744,"Steelhead","Steelhead (Oregon Coast)","Siletz Population"
"448","Steelhead_Steelhead (Oregon Coast)_Umpqua Stratum",0.0240629633039454,"Steelhead","Steelhead (Oregon Coast)","Umpqua Stratum"
"449","Steelhead_Steelhead (South-central California Coast DPS)_Carmel River",-0.172172143191381,"Steelhead","Steelhead (South-central California Coast DPS)","Carmel River"
"450","Steelhead_Steelhead Salmon (Upper Willamette River)_Steelhead (Upper Willamette River DPS)",-0.0221313551151631,"Steelhead","Steelhead Salmon (Upper Willamette River)","Steelhead (Upper Willamette River DPS)"
"451","Steelhead_Upper Columbia River Steelhead DPS_Steelhead (Upper Columbia River DPS) - Entiat River",0.00523542595738882,"Steelhead","Upper Columbia River Steelhead DPS","Steelhead (Upper Columbia River DPS) - Entiat River"
"452","Steelhead_Upper Columbia River Steelhead DPS_Steelhead (Upper Columbia River DPS) - Methow River",0.0173376207656281,"Steelhead","Upper Columbia River Steelhead DPS","Steelhead (Upper Columbia River DPS) - Methow River"
"453","Steelhead_Upper Columbia River Steelhead DPS_Steelhead (Upper Columbia River DPS) - Okanogan River",0.00693325576536437,"Steelhead","Upper Columbia River Steelhead DPS","Steelhead (Upper Columbia River DPS) - Okanogan River"
"454","Steelhead_Upper Columbia River Steelhead DPS_Steelhead (Upper Columbia River DPS) - Wenatchee River",-0.0077445783293301,"Steelhead","Upper Columbia River Steelhead DPS","Steelhead (Upper Columbia River DPS) - Wenatchee River"
